20,14,15,16,17,18,19,20,14,15,16,17,18,19,20,14,15,16,17,18,19,20,14,15,16,17,18,19,20,14,15,16,17,18,19,20,14,15,16,17,18,19,20,14,15,16,17,18,19,20,14,15,16,17,18,19,20,14,15,16,17,18,19,20,14,15,16,17,18,19,20,14,15,7,8,9,10,11,12,13,7,8,9,7,8,9,10,11,12,13,7,8,9,10,11,12,13,7,8,9,10,11,12,13,7,8,9,10,11,12,13,7,8,9,10,11,12,13,7,8,9,10,11,12,13,7,8,9,10,11,12,13,7,8,9,10,11,12,13,7,8,9,10,11,12,13,7,8,9,10,11,12,13,7,8,9,10,11,12,13,7,8,9,10,11,12,13,7,8,9,10,11,12,13,7,8,9,8,9,10,11,12,13,7,8,9,10,11,12,13,7,8,9,10,11,12,13,7,8,9,10,11,12,13,7,8,9,10,11,12,13,7,8,9,10,11,12,13,7,8,9,10,11,12,13
27,21,22,23,24,25,26,27,21,22,23,24,25,26,27,21,22,23,24,25,26,27,21,22,23,24,25,26,27,21,22,23,24,25,26,27,21,22,23,24,25,26,27,21,22,23,24,25,26,27,21,22,23,24,25,26,27,21,22,23,24,25,26,27,21,22,23,24,25,26,27,21,22,14,15,16,17,18,19,20,14,15,16,14,15,16,17,18,19,20,14,15,16,17,18,19,20,14,15,16,17,18,19,20,14,15,16,17,18,19,20,14,15,16,17,18,19,20,14,15,16,17,18,19,20,14,15,16,17,18,19,20,14,15,16,17,18,19,20,14,15,16,17,18,19,20,14,15,16,17,18,19,20,14,15,16,17,18,19,20,14,15,16,17,18,19,20,14,15,16,17,18,19,20,14,15,16,15,16,17,18,19,20,14,15,16,17,18,19,20,14,15,16,17,18,19,20,14,15,16,17,18,19,20,14,15,16,17,18,19,20,14,15,16,17,18,19,20,14,15,16,17,18,19,20
34,28,29,30,31,32,33,34,28,29,30,31,32,33,34,28,29,30,31,32,33,34,28,29,30,31,32,33,34,28,29,30,31,32,33,34,28,29,30,31,32,33,34,28,29,30,31,32,33,34,28,29,30,31,32,33,34,28,29,30,31,32,33,34,28,29,30,31,32,33,34,28,29,21,22,23,24,25,26,27,21,22,23,21,22,23,24,25,26,27,21,22,23,24,25,26,27,21,22,23,24,25,26,27,21,22,23,24,25,26,27,21,22,23,24,25,26,27,21,22,23,24,25,26,27,21,22,23,24,25,26,27,21,22,23,24,25,26,27,21,22,23,24,25,26,27,21,22,23,24,25,26,27,21,22,23,24,25,26,27,21,22,23,24,25,26,27,21,22,23,24,25,26,27,21,22,23,22,23,24,25,26,27,21,22,23,24,25,26,27,21,22,23,24,25,26,27,21,22,23,24,25,26,27,21,22,23,24,25,26,27,21,22,23,24,25,26,27,21,22,23,24,25,26,27
41,35,36,37,38,39,40,41,35,36,37,38,39,40,41,35,36,37,38,39,40,41,35,36,37,38,39,40,41,35,36,37,38,39,40,41,35,36,37,38,39,40,41,35,36,37,38,39,40,41,35,36,37,38,39,40,41,35,36,37,38,39,40,41,35,36,37,38,39,40,41,35,36,28,29,30,31,32,33,34,28,29,30,28,29,30,31,32,33,34,28,29,30,31,32,33,34,28,29,30,31,32,33,34,28,29,30,31,32,33,34,28,29,30,31,32,33,34,28,29,30,31,32,33,34,28,29,30,31,32,33,34,28,29,30,31,32,33,34,28,29,30,31,32,33,34,28,29,30,31,32,33,34,28,29,30,31,32,33,34,28,29,30,31,32,33,34,28,29,30,31,32,33,34,28,29,30,29,30,31,32,33,34,28,29,30,31,32,33,34,28,29,30,31,32,33,34,28,29,30,31,32,33,34,28,29,30,31,32,33,34,28,29,30,31,32,33,34,28,29,30,31,32,33,34
48,42,43,44,45,46,47,48,42,43,44,45,46,47,48,42,43,44,45,46,47,48,42,43,44,45,46,47,48,42,43,44,45,46,47,48,42,43,44,45,46,47,48,42,43,44,45,46,47,48,42,43,44,45,46,47,48,42,43,44,45,46,47,48,42,43,44,45,46,47,48,42,43,35,36,37,38,39,40,41,35,36,37,35,36,37,38,39,40,41,35,36,37,38,39,40,41,35,36,37,38,39,40,41,35,36,37,38,39,40,41,35,36,37,38,39,40,41,35,36,37,38,39,40,41,35,36,37,38,39,40,41,35,36,37,38,39,40,41,35,36,37,38,39,40,41,35,36,37,38,39,40,41,35,36,37,38,39,40,41,35,36,37,38,39,40,41,35,36,37,38,39,40,41,35,36,37,36,37,38,39,40,41,35,36,37,38,39,40,41,35,36,37,38,39,40,41,35,36,37,38,39,40,41,35,36,37,38,39,40,41,35,36,37,38,39,40,41,35,36,37,38,39,40,41
6,0,1,2,3,4,5,6,0,1,2,3,4,5,6,0,1,2,3,4,5,6,0,1,2,3,4,5,6,0,1,2,3,4,5,6,0,1,2,3,4,5,6,0,1,2,3,4,5,6,0,1,2,3,4,5,6,0,1,2,3,4,5,6,0,1,2,3,4,5,6,0,1,42,43,44,45,46,47,48,42,43,44,42,43,44,45,46,47,48,42,43,44,45,46,47,48,42,43,44,45,46,47,48,42,43,44,45,46,47,48,42,43,44,45,46,47,48,42,43,44,45,46,47,48,42,43,44,45,46,47,48,42,43,44,45,46,47,48,42,43,44,45,46,47,48,42,43,44,45,46,47,48,42,43,44,45,46,47,48,42,43,44,45,46,47,48,42,43,44,45,46,47,48,42,43,44,43,44,45,46,47,48,42,43,44,45,46,47,48,42,43,44,45,46,47,48,42,43,44,45,46,47,48,42,43,44,45,46,47,48,42,43,44,45,46,47,48,42,43,44,45,46,47,48
13,7,8,9,10,11,12,13,7,8,9,10,11,12,13,7,8,9,10,11,12,13,7,8,9,10,11,12,13,7,8,9,10,11,12,13,7,8,9,10,11,12,13,7,8,9,10,11,12,13,7,8,9,10,11,12,13,7,8,9,10,11,12,13,7,8,9,10,11,12,13,7,8,0,1,2,3,4,5,6,0,1,2,0,1,2,3,4,5,6,0,1,2,3,4,5,6,0,1,2,3,4,5,6,0,1,2,3,4,5,6,0,1,2,3,4,5,6,0,1,2,3,4,5,6,0,1,2,3,4,5,6,0,1,2,3,4,5,6,0,1,2,3,4,5,6,0,1,2,3,4,5,6,0,1,2,3,4,5,6,0,1,2,3,4,5,6,0,1,2,3,4,5,6,0,1,2,1,2,3,4,5,6,0,1,2,3,4,5,6,0,1,2,3,4,5,6,0,1,2,3,4,5,6,0,1,2,3,4,5,6,0,1,2,3,4,5,6,0,1,2,3,4,5,6
20,14,15,16,17,18,19,20,14,15,16,17,18,19,20,14,15,16,17,18,19,20,14,15,16,17,18,19,20,14,15,16,17,18,19,20,14,15,16,17,18,19,20,14,15,16,17,18,19,20,14,15,16,17,18,19,20,14,15,16,17,18,19,20,14,15,16,17,18,19,20,14,15,7,8,9,10,11,12,13,7,8,9,7,8,9,10,11,12,13,7,8,9,10,11,12,13,7,8,9,10,11,12,13,7,8,9,10,11,12,13,7,8,9,10,11,12,13,7,8,9,10,11,12,13,7,8,9,10,11,12,13,7,8,9,10,11,12,13,7,8,9,10,11,12,13,7,8,9,10,11,12,13,7,8,9,10,11,12,13,7,8,9,10,11,12,13,7,8,9,10,11,12,13,7,8,9,8,9,10,11,12,13,7,8,9,10,11,12,13,7,8,9,10,11,12,13,7,8,9,10,11,12,13,7,8,9,10,11,12,13,7,8,9,10,11,12,13,7,8,9,10,11,12,13
27,21,22,23,24,25,26,27,21,22,23,24,25,26,27,21,22,23,24,25,26,27,21,22,23,24,25,26,27,21,22,23,24,25,26,27,21,22,23,24,25,26,27,21,22,23,24,25,26,27,21,22,23,24,25,26,27,21,22,23,24,25,26,27,21,22,23,24,25,26,27,21,22,14,15,16,17,18,19,20,14,15,16,14,15,16,17,18,19,20,14,15,16,17,18,19,20,14,15,16,17,18,19,20,14,15,16,17,18,19,20,14,15,16,17,18,19,20,14,15,16,17,18,19,20,14,15,16,17,18,19,20,14,15,16,17,18,19,20,14,15,16,17,18,19,20,14,15,16,17,18,19,20,14,15,16,17,18,19,20,14,15,16,17,18,19,20,14,15,16,17,18,19,20,14,15,16,15,16,17,18,19,20,14,15,16,17,18,19,20,14,15,16,17,18,19,20,14,15,16,17,18,19,20,14,15,16,17,18,19,20,14,15,16,17,18,19,20,14,15,16,17,18,19,20
34,28,29,30,31,32,33,34,28,29,30,31,32,33,34,28,29,30,31,32,33,34,28,29,30,31,32,33,34,28,29,30,31,32,33,34,28,29,30,31,32,33,34,28,29,30,31,32,33,34,28,29,30,31,32,33,34,28,29,30,31,32,33,34,28,29,30,31,32,33,34,28,29,21,22,23,24,25,26,27,21,22,23,21,22,23,24,25,26,27,21,22,23,24,25,26,27,21,22,23,24,25,26,27,21,22,23,24,25,26,27,21,22,23,24,25,26,27,21,22,23,24,25,26,27,21,22,23,24,25,26,27,21,22,23,24,25,26,27,21,22,23,24,25,26,27,21,22,23,24,25,26,27,21,22,23,24,25,26,27,21,22,23,24,25,26,27,21,22,23,24,25,26,27,21,22,23,22,23,24,25,26,27,21,22,23,24,25,26,27,21,22,23,24,25,26,27,21,22,23,24,25,26,27,21,22,23,24,25,26,27,21,22,23,24,25,26,27,21,22,23,24,25,26,27
41,35,36,37,38,39,40,41,35,36,37,38,39,40,41,35,36,37,38,39,40,41,35,36,37,38,39,40,41,35,36,37,38,39,40,41,35,36,37,38,39,40,41,35,36,37,38,39,40,41,35,36,37,38,39,40,41,35,36,37,38,39,40,41,35,36,37,38,39,40,41,35,36,28,29,30,31,32,33,34,28,29,30,28,29,30,31,32,33,34,28,29,30,31,32,33,34,28,29,30,31,32,33,34,28,29,30,31,32,33,34,28,29,30,31,32,33,34,28,29,30,31,32,33,34,28,29,30,31,32,33,34,28,29,30,31,32,33,34,28,29,30,31,32,33,34,28,29,30,31,32,33,34,28,29,30,31,32,33,34,28,29,30,31,32,33,34,28,29,30,31,32,33,34,28,29,30,29,30,31,32,33,34,28,29,30,31,32,33,34,28,29,30,31,32,33,34,28,29,30,31,32,33,34,28,29,30,31,32,33,34,28,29,30,31,32,33,34,28,29,30,31,32,33,34
48,42,43,44,45,46,47,48,42,43,44,45,46,47,48,42,43,44,45,46,47,48,42,43,44,45,46,47,48,42,43,44,45,46,47,48,42,43,44,45,46,47,48,42,43,44,45,46,47,48,42,43,44,45,46,47,48,42,43,44,45,46,47,48,42,43,44,45,46,47,48,42,43,35,36,37,38,39,40,41,35,36,37,35,36,37,38,39,40,41,35,36,37,38,39,40,41,35,36,37,38,39,40,41,35,36,37,38,39,40,41,35,36,37,38,39,40,41,35,36,37,38,39,40,41,35,36,37,38,39,40,41,35,36,37,38,39,40,41,35,36,37,38,39,40,41,35,36,37,38,39,40,41,35,36,37,38,39,40,41,35,36,37,38,39,40,41,35,36,37,38,39,40,41,35,36,37,36,37,38,39,40,41,35,36,37,38,39,40,41,35,36,37,38,39,40,41,35,36,37,38,39,40,41,35,36,37,38,39,40,41,35,36,37,38,39,40,41,35,36,37,38,39,40,41
6,0,1,2,3,4,5,6,0,1,2,3,4,5,6,0,1,2,3,4,5,6,0,1,2,3,4,5,6,0,1,2,3,4,5,6,0,1,2,3,4,5,6,0,1,2,3,4,5,6,0,1,2,3,4,5,6,0,1,2,3,4,5,6,0,1,2,3,4,5,6,0,1,42,43,44,45,46,47,48,42,43,44,42,43,44,45,46,47,48,42,43,44,45,46,47,48,42,43,44,45,46,47,48,42,43,44,45,46,47,48,42,43,44,45,46,47,48,42,43,44,45,46,47,48,42,43,44,45,46,47,48,42,43,44,45,46,47,48,42,43,44,45,46,47,48,42,43,44,45,46,47,48,42,43,44,45,46,47,48,42,43,44,45,46,47,48,42,43,44,45,46,47,48,42,43,44,43,44,45,46,47,48,42,43,44,45,46,47,48,42,43,44,45,46,47,48,42,43,44,45,46,47,48,42,43,44,45,46,47,48,42,43,44,45,46,47,48,42,43,44,45,46,47,48
13,7,8,9,10,11,12,13,7,8,9,10,11,12,13,7,8,9,10,11,12,13,7,8,9,10,11,12,13,7,8,9,10,11,12,13,7,8,9,10,11,12,13,7,8,9,10,11,12,13,7,8,9,10,11,12,13,7,8,9,10,11,12,13,7,8,9,10,11,12,13,7,8,0,1,2,3,4,5,6,0,1,2,0,1,2,3,4,5,6,0,1,2,3,4,5,6,0,1,2,3,4,5,6,0,1,2,3,4,5,6,0,1,2,3,4,5,6,0,1,2,3,4,5,6,0,1,2,3,4,5,6,0,1,2,3,4,5,6,0,1,2,3,4,5,6,0,1,2,3,4,5,6,0,1,2,3,4,5,6,0,1,2,3,4,5,6,0,1,2,3,4,5,6,0,1,2,1,2,3,4,5,6,0,1,2,3,4,5,6,0,1,2,3,4,5,6,0,1,2,3,4,5,6,0,1,2,3,4,5,6,0,1,2,3,4,5,6,0,1,2,3,4,5,6
20,14,15,16,17,18,19,20,14,15,16,17,18,19,20,14,15,16,17,18,19,20,14,15,16,17,18,19,20,14,15,16,17,18,19,20,14,15,16,17,18,19,20,14,15,16,17,18,19,20,14,15,16,17,18,19,20,14,15,16,17,18,19,20,14,15,16,17,18,19,20,14,15,7,8,9,10,11,12,13,7,8,9,7,8,9,10,11,12,13,7,8,9,10,11,12,13,7,8,9,10,11,12,13,7,8,9,10,11,12,13,7,8,9,10,11,12,13,7,8,9,10,11,12,13,7,8,9,10,11,12,13,7,8,9,10,11,12,13,7,8,9,10,11,12,13,7,8,9,10,11,12,13,7,8,9,10,11,12,13,7,8,9,10,11,12,13,7,8,9,10,11,12,13,7,8,9,8,9,10,11,12,13,7,8,9,10,11,12,13,7,8,9,10,11,12,13,7,8,9,10,11,12,13,7,8,9,10,11,12,13,7,8,9,10,11,12,13,7,8,9,10,11,12,13
27,21,22,23,24,25,26,27,21,22,23,24,25,26,27,21,22,23,24,25,26,27,21,22,23,24,25,26,27,21,22,23,24,25,26,27,21,22,23,24,25,26,27,21,22,23,24,25,26,27,21,22,23,24,25,26,27,21,22,23,24,25,26,27,21,22,23,24,25,26,27,21,22,14,15,16,17,18,19,20,14,15,16,14,15,16,17,18,19,20,14,15,16,17,18,19,20,14,15,16,17,18,19,20,14,15,16,17,18,19,20,14,15,16,17,18,19,20,14,15,16,17,18,19,20,14,15,16,17,18,19,20,14,15,16,17,18,19,20,14,15,16,17,18,19,20,14,15,16,17,18,19,20,14,15,16,17,18,19,20,14,15,16,17,18,19,20,14,15,16,17,18,19,20,14,15,16,15,16,17,18,19,20,14,15,16,17,18,19,20,14,15,16,17,18,19,20,14,15,16,17,18,19,20,14,15,16,17,18,19,20,14,15,16,17,18,19,20,14,15,16,17,18,19,20
34,28,29,30,31,32,33,34,28,29,30,31,32,33,34,28,29,30,31,32,33,34,28,29,30,31,32,33,34,28,29,30,31,32,33,34,28,29,30,31,32,33,34,28,29,30,31,32,33,34,28,29,30,31,32,33,34,28,29,30,31,32,33,34,28,29,30,31,32,33,34,28,29,21,22,23,24,25,26,27,21,22,23,21,22,23,24,25,26,27,21,22,23,24,25,26,27,21,22,23,24,25,26,27,21,22,23,24,25,26,27,21,22,23,24,25,26,27,21,22,23,24,25,26,27,21,22,23,24,25,26,27,21,22,23,24,25,26,27,21,22,23,24,25,26,27,21,22,23,24,25,26,27,21,22,23,24,25,26,27,21,22,23,24,25,26,27,21,22,23,24,25,26,27,21,22,23,22,23,24,25,26,27,21,22,23,24,25,26,27,21,22,23,24,25,26,27,21,22,23,24,25,26,27,21,22,23,24,25,26,27,21,22,23,24,25,26,27,21,22,23,24,25,26,27
41,35,36,37,38,39,40,41,35,36,37,38,39,40,41,35,36,37,38,39,40,41,35,36,37,38,39,40,41,35,36,37,38,39,40,41,35,36,37,38,39,40,41,35,36,37,38,39,40,41,35,36,37,38,39,40,41,35,36,37,38,39,40,41,35,36,37,38,39,40,41,35,36,28,29,30,31,32,33,34,28,29,30,28,29,30,31,32,33,34,28,29,30,31,32,33,34,28,29,30,31,32,33,34,28,29,30,31,32,33,34,28,29,30,31,32,33,34,28,29,30,31,32,33,34,28,29,30,31,32,33,34,28,29,30,31,32,33,34,28,29,30,31,32,33,34,28,29,30,31,32,33,34,28,29,30,31,32,33,34,28,29,30,31,32,33,34,28,29,30,31,32,33,34,28,29,30,29,30,31,32,33,34,28,29,30,31,32,33,34,28,29,30,31,32,33,34,28,29,30,31,32,33,34,28,29,30,31,32,33,34,28,29,30,31,32,33,34,28,29,30,31,32,33,34
48,42,43,44,45,46,47,48,42,43,44,45,46,47,48,42,43,44,45,46,47,48,42,43,44,45,46,47,48,42,43,44,45,46,47,48,42,43,44,45,46,47,48,42,43,44,45,46,47,48,42,43,44,45,46,47,48,42,43,44,45,46,47,48,42,43,44,45,46,47,48,42,43,35,36,37,38,39,40,41,35,36,37,35,36,37,38,39,40,41,35,36,37,38,39,40,41,35,36,37,38,39,40,41,35,36,37,38,39,40,41,35,36,37,38,39,40,41,35,36,37,38,39,40,41,35,36,37,38,39,40,41,35,36,37,38,39,40,41,35,36,37,38,39,40,41,35,36,37,38,39,40,41,35,36,37,38,39,40,41,35,36,37,38,39,40,41,35,36,37,38,39,40,41,35,36,37,36,37,38,39,40,41,35,36,37,38,39,40,41,35,36,37,38,39,40,41,35,36,37,38,39,40,41,35,36,37,38,39,40,41,35,36,37,38,39,40,41,35,36,37,38,39,40,41
6,0,1,2,3,4,5,6,0,1,2,3,4,5,6,0,1,2,3,4,5,6,0,1,2,3,4,5,6,0,1,2,3,4,5,6,0,1,2,3,4,5,6,0,1,2,3,4,5,6,0,1,2,3,4,5,6,0,1,2,3,4,5,6,0,1,2,3,4,5,6,0,1,42,43,44,45,46,47,48,42,43,44,42,43,44,45,46,47,48,42,43,44,45,46,47,48,42,43,44,45,46,47,48,42,43,44,45,46,47,48,42,43,44,45,46,47,48,42,43,44,45,46,47,48,42,43,44,45,46,47,48,42,43,44,45,46,47,48,42,43,44,45,46,47,48,42,43,44,45,46,47,48,42,43,44,45,46,47,48,42,43,44,45,46,47,48,42,43,44,45,46,47,48,42,43,44,43,44,45,46,47,48,42,43,44,45,46,47,48,42,43,44,45,46,47,48,42,43,44,45,46,47,48,42,43,44,45,46,47,48,42,43,44,45,46,47,48,42,43,44,45,46,47,48
13,7,8,9,10,11,12,13,7,8,9,10,11,12,13,7,8,9,10,11,12,13,7,8,9,10,11,12,13,7,8,9,10,11,12,13,7,8,9,10,11,12,13,7,8,9,10,11,12,13,7,8,9,10,11,12,13,7,8,9,10,11,12,13,7,8,9,10,11,12,13,7,8,0,1,2,3,4,5,6,0,1,2,0,1,2,3,4,5,6,0,1,2,3,4,5,6,0,1,2,3,4,5,6,0,1,2,3,4,5,6,0,1,2,3,4,5,6,0,1,2,3,4,5,6,0,1,2,3,4,5,6,0,1,2,3,4,5,6,0,1,2,3,4,5,6,0,1,2,3,4,5,6,0,1,2,3,4,5,6,0,1,2,3,4,5,6,0,1,2,3,4,5,6,0,1,2,1,2,3,4,5,6,0,1,2,3,4,5,6,0,1,2,3,4,5,6,0,1,2,3,4,5,6,0,1,2,3,4,5,6,0,1,2,3,4,5,6,0,1,2,3,4,5,6
20,14,15,16,17,18,19,20,14,15,16,17,18,19,20,14,15,16,17,18,19,20,14,15,16,17,18,19,20,14,15,16,17,18,19,20,14,15,16,17,18,19,20,14,15,16,17,18,19,20,14,15,16,17,18,19,20,14,15,16,17,18,19,20,14,15,16,17,18,19,20,14,15,7,8,9,10,11,12,13,7,8,9,7,8,9,10,11,12,13,7,8,9,10,11,12,13,7,8,9,10,11,12,13,7,8,9,10,11,12,13,7,8,9,10,11,12,13,7,8,9,10,11,12,13,7,8,9,10,11,12,13,7,8,9,10,11,12,13,7,8,9,10,11,12,13,7,8,9,10,11,12,13,7,8,9,10,11,12,13,7,8,9,10,11,12,13,7,8,9,10,11,12,13,7,8,9,8,9,10,11,12,13,7,8,9,10,11,12,13,7,8,9,10,11,12,13,7,8,9,10,11,12,13,7,8,9,10,11,12,13,7,8,9,10,11,12,13,7,8,9,10,11,12,13
27,21,22,23,24,25,26,27,21,22,23,24,25,26,27,21,22,23,24,25,26,27,21,22,23,24,25,26,27,21,22,23,24,25,26,27,21,22,23,24,25,26,27,21,22,23,24,25,26,27,21,22,23,24,25,26,27,21,22,23,24,25,26,27,21,22,23,24,25,26,27,21,22,14,15,16,17,18,19,20,14,15,16,14,15,16,17,18,19,20,14,15,16,17,18,19,20,14,15,16,17,18,19,20,14,15,16,17,18,19,20,14,15,16,17,18,19,20,14,15,16,17,18,19,20,14,15,16,17,18,19,20,14,15,16,17,18,19,20,14,15,16,17,18,19,20,14,15,16,17,18,19,20,14,15,16,17,18,19,20,14,15,16,17,18,19,20,14,15,16,17,18,19,20,14,15,16,15,16,17,18,19,20,14,15,16,17,18,19,20,14,15,16,17,18,19,20,14,15,16,17,18,19,20,14,15,16,17,18,19,20,14,15,16,17,18,19,20,14,15,16,17,18,19,20
34,28,29,30,31,32,33,34,28,29,30,31,32,33,34,28,29,30,31,32,33,34,28,29,30,31,32,33,34,28,29,30,31,32,33,34,28,29,30,31,32,33,34,28,29,30,31,32,33,34,28,29,30,31,32,33,34,28,29,30,31,32,33,34,28,29,30,31,32,33,34,28,29,21,22,23,24,25,26,27,21,22,23,21,22,23,24,25,26,27,21,22,23,24,25,26,27,21,22,23,24,25,26,27,21,22,23,24,25,26,27,21,22,23,24,25,26,27,21,22,23,24,25,26,27,21,22,23,24,25,26,27,21,22,23,24,25,26,27,21,22,23,24,25,26,27,21,22,23,24,25,26,27,21,22,23,24,25,26,27,21,22,23,24,25,26,27,21,22,23,24,25,26,27,21,22,23,22,23,24,25,26,27,21,22,23,24,25,26,27,21,22,23,24,25,26,27,21,22,23,24,25,26,27,21,22,23,24,25,26,27,21,22,23,24,25,26,27,21,22,23,24,25,26,27
41,35,36,37,38,39,40,41,35,36,37,38,39,40,41,35,36,37,38,39,40,41,35,36,37,38,39,40,41,35,36,37,38,39,40,41,35,36,37,38,39,40,41,35,36,37,38,39,40,41,35,36,37,38,39,40,41,35,36,37,38,39,40,41,35,36,37,38,39,40,41,35,36,28,29,30,31,32,33,34,28,29,30,28,29,30,31,32,33,34,28,29,30,31,32,33,34,28,29,30,31,32,33,34,28,29,30,31,32,33,34,28,29,30,31,32,33,34,28,29,30,31,32,33,34,28,29,30,31,32,33,34,28,29,30,31,32,33,34,28,29,30,31,32,33,34,28,29,30,31,32,33,34,28,29,30,31,32,33,34,28,29,30,31,32,33,34,28,29,30,31,32,33,34,28,29,30,29,30,31,32,33,34,28,29,30,31,32,33,34,28,29,30,31,32,33,34,28,29,30,31,32,33,34,28,29,30,31,32,33,34,28,29,30,31,32,33,34,28,29,30,31,32,33,34
48,42,43,44,45,46,47,48,42,43,44,45,46,47,48,42,43,44,45,46,47,48,42,43,44,45,46,47,48,42,43,44,45,46,47,48,42,43,44,45,46,47,48,42,43,44,45,46,47,48,42,43,44,45,46,47,48,42,43,44,45,46,47,48,42,43,44,45,46,47,48,42,43,35,36,37,38,39,40,41,35,36,37,35,36,37,38,39,40,41,35,36,37,38,39,40,41,35,36,37,38,39,40,41,35,36,37,38,39,40,41,35,36,37,38,39,40,41,35,36,37,38,39,40,41,35,36,37,38,39,40,41,35,36,37,38,39,40,41,35,36,37,38,39,40,41,35,36,37,38,39,40,41,35,36,37,38,39,40,41,35,36,37,38,39,40,41,35,36,37,38,39,40,41,35,36,37,36,37,38,39,40,41,35,36,37,38,39,40,41,35,36,37,38,39,40,41,35,36,37,38,39,40,41,35,36,37,38,39,40,41,35,36,37,38,39,40,41,35,36,37,38,39,40,41
6,0,1,2,3,4,5,6,0,1,2,3,4,5,6,0,1,2,3,4,5,6,0,1,2,3,4,5,6,0,1,2,3,4,5,6,0,1,2,3,4,5,6,0,1,2,3,4,5,6,0,1,2,3,4,5,6,0,1,2,3,4,5,6,0,1,2,3,4,5,6,0,1,42,43,44,45,46,47,48,42,43,44,42,43,44,45,46,47,48,42,43,44,45,46,47,48,42,43,44,45,46,47,48,42,43,44,45,46,47,48,42,43,44,45,46,47,48,42,43,44,45,46,47,48,42,43,44,45,46,47,48,42,43,44,45,46,47,48,42,43,44,45,46,47,48,42,43,44,45,46,47,48,42,43,44,45,46,47,48,42,43,44,45,46,47,48,42,43,44,45,46,47,48,42,43,44,43,44,45,46,47,48,42,43,44,45,46,47,48,42,43,44,45,46,47,48,42,43,44,45,46,47,48,42,43,44,45,46,47,48,42,43,44,45,46,47,48,42,43,44,45,46,47,48
13,7,8,9,10,11,12,13,7,8,9,10,11,12,13,7,8,9,10,11,12,13,7,8,9,10,11,12,13,7,8,9,10,11,12,13,7,8,9,10,11,12,13,7,8,9,10,11,12,13,7,8,9,10,11,12,13,7,8,9,10,11,12,13,7,8,9,10,11,12,13,7,8,0,1,2,3,4,5,6,0,1,2,0,1,2,3,4,5,6,0,1,2,3,4,5,6,0,1,2,3,4,5,6,0,1,2,3,4,5,6,0,1,2,3,4,5,6,0,1,2,3,4,5,6,0,1,2,3,4,5,6,0,1,2,3,4,5,6,0,1,2,3,4,5,6,0,1,2,3,4,5,6,0,1,2,3,4,5,6,0,1,2,3,4,5,6,0,1,2,3,4,5,6,0,1,2,1,2,3,4,5,6,0,1,2,3,4,5,6,0,1,2,3,4,5,6,0,1,2,3,4,5,6,0,1,2,3,4,5,6,0,1,2,3,4,5,6,0,1,2,3,4,5,6
20,14,15,16,17,18,19,20,14,15,16,17,18,19,20,14,15,16,17,18,19,20,14,15,16,17,18,19,20,14,15,16,17,18,19,20,14,15,16,17,18,19,20,14,15,16,17,18,19,20,14,15,16,17,18,19,20,14,15,16,17,18,19,20,14,15,16,17,18,19,20,14,15,7,8,9,10,11,12,13,7,8,9,7,8,9,10,11,12,13,7,8,9,10,11,12,13,7,8,9,10,11,12,13,7,8,9,10,11,12,13,7,8,9,10,11,12,13,7,8,9,10,11,12,13,7,8,9,10,11,12,13,7,8,9,10,11,12,13,7,8,9,10,11,12,13,7,8,9,10,11,12,13,7,8,9,10,11,12,13,7,8,9,10,11,12,13,7,8,9,10,11,12,13,7,8,9,8,9,10,11,12,13,7,8,9,10,11,12,13,7,8,9,10,11,12,13,7,8,9,10,11,12,13,7,8,9,10,11,12,13,7,8,9,10,11,12,13,7,8,9,10,11,12,13
27,21,22,23,24,25,26,27,21,22,23,24,25,26,27,21,22,23,24,25,26,27,21,22,23,24,25,26,27,21,22,23,24,25,26,27,21,22,23,24,25,26,27,21,22,23,24,25,26,27,21,22,23,24,25,26,27,21,22,23,24,25,26,27,21,22,23,24,25,26,27,21,22,14,15,16,17,18,19,20,14,15,16,14,15,16,17,18,19,20,14,15,16,17,18,19,20,14,15,16,17,18,19,20,14,15,16,17,18,19,20,14,15,16,17,18,19,20,14,15,16,17,18,19,20,14,15,16,17,18,19,20,14,15,16,17,18,19,20,14,15,16,17,18,19,20,14,15,16,17,18,19,20,14,15,16,17,18,19,20,14,15,16,17,18,19,20,14,15,16,17,18,19,20,14,15,16,15,16,17,18,19,20,14,15,16,17,18,19,20,14,15,16,17,18,19,20,14,15,16,17,18,19,20,14,15,16,17,18,19,20,14,15,16,17,18,19,20,14,15,16,17,18,19,20
34,28,29,30,31,32,33,34,28,29,30,31,32,33,34,28,29,30,31,32,33,34,28,29,30,31,32,33,34,28,29,30,31,32,33,34,28,29,30,31,32,33,34,28,29,30,31,32,33,34,28,29,30,31,32,33,34,28,29,30,31,32,33,34,28,29,30,31,32,33,34,28,29,21,22,23,24,25,26,27,21,0,1,2,3,4,5,6,0,1,2,3,4,24,25,26,27,21,22,23,24,25,26,27,21,22,23,24,25,26,27,21,22,23,24,25,26,27,21,22,23,24,25,26,27,21,22,23,24,25,26,27,21,22,23,24,25,26,27,21,22,23,24,25,26,27,21,22,23,24,25,26,27,21,22,23,24,25,26,27,21,22,23,24,25,26,27,21,22,23,24,25,26,27,21,22,23,22,23,24,25,26,27,21,22,23,24,25,26,27,21,22,23,24,25,26,27,21,22,23,24,25,26,27,21,22,23,24,25,26,27,21,22,23,24,25,26,27,21,22,23,24,25,26,27
41,35,36,37,38,39,40,41,35,36,37,38,39,40,41,35,36,37,38,39,40,41,35,36,37,38,39,40,41,35,36,37,38,39,40,41,35,36,37,38,39,40,41,35,36,37,38,39,40,41,35,36,37,38,39,40,41,35,36,37,38,39,40,41,35,36,37,38,39,40,41,35,36,28,29,30,31,32,33,34,28,7,8,9,10,11,12,13,7,8,9,10,11,31,32,33,34,0,1,2,31,32,33,34,28,29,30,31,32,33,34,28,29,30,31,32,33,34,28,29,30,31,32,33,34,28,29,30,31,32,33,34,28,0,1,2,3,4,5,6,0,1,2,3,4,5,6,0,1,2,3,4,5,6,0,1,2,3,4,5,6,0,1,2,3,4,5,6,0,1,2,3,4,5,6,0,1,2,30,31,32,33,34,28,29,30,31,32,33,34,28,29,30,31,32,33,34,28,29,30,31,32,33,34,28,29,30,31,32,33,34,28,29,30,31,32,33,34,28,29,30,31,32,33,34
48,42,43,44,45,46,47,48,42,43,44,45,46,47,48,42,43,44,45,46,47,48,42,43,44,45,46,47,48,42,43,44,45,46,47,48,42,43,44,45,46,47,48,42,43,44,45,46,47,48,42,43,44,45,46,47,48,42,43,44,45,46,47,48,42,43,44,45,46,47,48,42,43,35,36,37,38,39,40,41,35,14,15,16,17,18,19,20,14,15,16,17,0,1,2,3,4,7,8,9,0,1,2,0,1,0,10,10,10,10,10,0,1,2,3,4,5,6,0,1,2,3,4,5,6,0,1,2,0,1,2,3,4,7,8,9,10,11,12,13,7,8,9,10,11,12,13,7,8,9,10,11,12,13,7,8,9,10,11,12,13,7,8,9,10,11,12,13,7,8,9,10,11,12,13,7,8,9,37,38,39,40,41,35,36,37,38,39,40,41,35,36,37,38,39,40,41,35,36,37,38,39,40,41,35,36,37,38,39,40,41,35,36,37,38,39,40,41,35,36,37,38,39,40,41
6,0,1,2,3,4,5,6,0,1,2,3,4,5,6,0,1,2,3,4,5,6,0,1,2,3,4,5,6,0,1,2,3,4,5,6,0,1,2,3,4,5,6,0,1,2,3,4,5,6,0,1,2,3,4,5,6,0,1,2,3,4,5,6,0,1,2,3,4,5,6,0,1,42,43,44,45,46,47,48,42,21,22,23,24,25,26,27,21,22,23,24,7,8,9,10,11,14,15,16,7,8,9,10,10,10,-1,-1,-1,-1,-1,10,10,10,0,1,2,3,4,5,6,0,1,2,3,4,5,6,7,8,9,10,11,14,15,16,17,18,19,20,14,15,16,17,18,19,20,14,15,16,17,18,19,20,14,15,16,17,18,19,20,14,15,16,17,18,19,20,14,15,16,17,18,19,20,14,15,16,44,45,46,47,48,42,43,44,45,46,47,48,42,43,44,45,46,47,48,42,43,44,45,46,47,48,42,43,44,45,46,47,48,42,43,44,45,46,47,48,42,43,44,45,46,47,48
13,7,8,9,10,11,12,13,7,8,9,10,11,12,13,7,8,9,10,11,12,13,7,8,9,10,11,12,13,7,8,9,10,11,12,13,7,8,9,10,11,12,13,7,8,9,10,11,12,13,7,8,9,10,11,12,13,7,8,9,10,11,12,13,7,8,9,10,11,12,13,7,8,0,1,2,3,4,5,6,0,28,29,30,31,32,33,34,28,29,30,31,14,15,16,17,18,21,22,23,10,10,10,-1,-1,-1,-1,-1,-1,-1,-1,-1,-1,-1,10,10,10,0,1,0,10,10,10,10,10,10,10,10,14,0,1,2,3,21,22,23,24,25,26,27,21,22,23,24,25,26,27,21,22,23,24,25,26,27,21,22,23,24,25,26,27,21,22,23,24,25,26,27,21,22,23,24,25,26,27,21,22,23,2,3,4,5,6,0,1,2,3,4,5,6,0,1,2,3,4,5,6,0,1,2,3,4,5,6,0,1,2,3,4,5,6,0,1,2,3,4,5,6,0,1,2,3,4,5,6
20,14,15,16,17,18,19,20,14,15,16,17,18,19,20,14,15,16,17,18,19,20,14,15,16,17,18,19,20,14,15,16,17,18,19,20,14,15,16,17,18,19,20,14,15,16,17,18,19,20,14,15,16,17,18,19,20,14,15,16,17,18,19,20,14,15,16,17,18,19,20,14,15,7,8,9,10,11,12,13,7,35,36,37,38,39,40,41,35,36,37,38,21,22,23,24,25,0,10,10,-1,-1,-1,-1,-1,-1,-1,-1,-1,-1,-1,-1,-1,-1,-1,-1,-1,10,10,10,-1,-1,-1,-1,-1,-1,-1,-1,10,7,0,1,2,28,29,30,31,32,33,34,28,29,30,31,32,33,34,28,29,30,31,32,33,34,28,29,30,31,32,33,34,28,29,30,31,32,33,34,28,29,30,31,32,33,34,28,29,30,9,10,11,12,13,7,8,9,10,11,12,13,7,8,9,10,11,12,13,7,8,9,10,11,12,13,7,8,9,10,11,12,13,7,8,9,10,11,12,13,7,8,9,10,11,12,13
27,21,22,23,24,25,26,27,21,22,23,24,25,26,27,21,22,23,24,25,26,27,21,22,23,24,25,26,27,21,22,23,24,25,26,27,21,22,23,24,25,26,27,21,22,23,24,25,26,27,21,22,23,24,25,26,27,21,22,23,24,25,26,27,21,22,23,24,25,26,27,21,22,14,15,16,17,18,19,20,14,42,43,44,45,46,47,48,42,43,44,45,0,1,2,3,32,10,-1,-1,-1,-1,-1,-1,-1,-1,-1,-1,-1,-1,-1,-1,-1,-1,-1,-1,-1,-1,-1,-1,-1,-1,-1,-1,-1,-1,-1,-1,-1,10,7,0,1,35,36,37,38,39,40,41,35,36,37,38,39,40,41,35,36,37,38,39,40,41,35,36,37,38,39,40,41,35,36,37,38,39,40,41,35,36,37,38,39,40,41,35,36,37,16,17,18,19,20,14,15,16,17,18,19,20,14,15,16,17,18,19,20,14,15,16,17,18,19,20,14,15,16,17,18,19,20,14,15,16,17,18,19,20,14,15,16,17,18,19,20
34,28,29,30,31,32,33,34,28,29,30,31,32,33,34,28,29,30,31,32,33,34,28,29,30,31,32,33,34,28,29,30,31,32,33,34,28,29,30,31,32,33,34,28,29,30,31,32,33,34,28,29,30,31,32,33,34,28,29,30,31,32,33,34,28,29,30,31,32,33,34,28,29,21,22,23,24,25,26,27,21,0,1,2,3,4,5,6,0,1,2,3,7,8,9,10,10,-1,-1,-1,-1,-1,-1,-1,-1,-1,-1,-1,-1,-1,-1,-1,-1,-1,-1,-1,-1,-1,-1,-1,-1,-1,-1,-1,-1,-1,-1,-1,-1,-1,10,7,8,42,43,44,45,46,47,48,42,43,44,45,46,47,48,42,43,44,45,46,47,48,42,43,44,45,46,47,48,42,43,44,45,46,47,48,42,43,44,45,46,47,48,42,43,44,23,24,25,26,27,21,22,23,24,25,26,27,21,22,23,24,25,26,27,21,22,23,24,25,26,27,21,22,23,24,25,26,27,21,22,23,24,25,26,27,21,22,23,24,25,26,27
41,35,36,37,38,39,40,41,35,36,37,38,39,40,41,35,36,37,38,39,40,41,35,36,37,38,39,40,41,35,36,37,38,39,40,41,35,36,37,38,39,40,41,35,36,37,38,39,40,41,35,36,37,38,39,40,41,35,36,37,38,39,40,41,35,36,37,38,39,40,41,35,36,28,29,30,31,32,33,34,28,7,8,9,10,11,12,13,7,8,9,10,11,10,10,10,-1,-1,-1,-1,-1,-1,-1,-1,-1,-1,-1,-1,-1,-1,-1,-1,-1,-1,-1,-1,-1,-1,-1,-1,-1,-1,-1,-1,-1,-1,-1,-1,-1,-1,10,10,10,0,1,2,3,4,5,6,0,1,2,3,4,0,1,2,3,4,5,6,0,1,2,3,4,5,6,0,1,2,3,4,5,6,0,1,2,3,4,5,6,0,1,2,3,4,30,31,32,33,34,28,29,30,31,32,33,34,28,29,30,31,32,33,34,28,29,30,31,32,33,34,28,29,30,31,32,33,34,28,29,30,31,32,33,34,28,29,30,31,32,33,34
48,42,43,44,45,46,47,48,42,43,44,45,46,47,48,42,43,44,45,46,47,48,42,43,44,45,46,47,48,42,43,44,45,46,47,48,42,43,44,45,46,47,48,42,43,44,45,46,47,48,42,43,44,45,46,47,48,42,43,44,45,46,47,48,42,43,44,45,46,47,48,42,43,35,36,37,38,39,40,41,35,14,15,16,17,18,19,20,14,15,16,17,18,-1,-1,10,-1,-1,-1,-1,-1,-1,-1,-1,-1,-1,-1,-1,-1,-1,-1,-1,-1,-1,-1,-1,-1,-1,-1,-1,-1,-1,-1,-1,-1,-1,-1,-1,-1,-1,-1,-1,-1,10,10,10,10,10,10,10,10,10,10,10,10,7,8,9,10,11,12,0,1,2,3,10,11,12,13,7,8,9,10,11,12,13,7,8,9,10,11,12,13,7,8,9,10,11,37,38,39,40,41,35,36,37,38,39,40,41,35,36,37,38,39,40,41,35,36,37,38,39,40,41,35,36,37,38,39,40,41,35,36,37,38,39,40,41,35,36,37,38,39,40,41
6,0,1,2,3,4,5,6,0,1,2,3,4,5,6,0,1,2,3,4,5,6,0,1,2,3,4,5,6,0,1,2,3,4,5,6,0,1,2,3,4,5,6,0,1,2,3,4,5,6,0,1,2,3,4,5,6,0,1,2,3,4,5,6,0,1,2,3,4,5,6,0,1,42,43,44,45,46,47,48,42,21,22,23,24,25,26,27,21,22,23,24,25,-1,-1,10,-1,-1,-1,-1,-1,-1,-1,-1,-1,-1,-1,-1,-1,-1,-1,-1,-1,-1,-1,-1,-1,-1,-1,-1,-1,-1,-1,-1,-1,-1,-1,-1,-1,-1,-1,-1,-1,-1,-1,-1,-1,-1,-1,-1,-1,-1,-1,-1,-1,10,10,0,0,0,1,2,8,9,10,1,2,3,4,5,6,0,1,2,3,4,5,6,0,1,2,3,4,5,6,0,42,43,44,45,46,47,48,42,43,44,45,46,47,48,42,43,44,45,46,47,48,42,43,44,45,46,47,48,42,43,44,45,46,47,48,42,43,44,45,46,47,48,42,43,44,45,46,47,48
13,7,8,9,10,11,12,13,7,8,9,10,11,12,13,7,8,9,10,11,12,13,7,8,9,10,11,12,13,7,8,9,10,11,12,13,7,8,9,10,11,12,13,7,8,9,10,11,12,13,7,8,9,10,11,12,13,7,8,9,10,11,12,13,7,8,9,10,11,12,13,7,8,0,1,2,3,4,5,6,0,1,2,0,0,1,2,3,4,6,10,10,10,10,10,10,-1,-1,-1,-1,-1,-1,-1,-1,-1,-1,-1,-1,-1,-1,-1,-1,-1,-1,-1,-1,-1,-1,-1,-1,-1,-1,-1,-1,-1,-1,-1,-1,-1,-1,-1,-1,-1,-1,-1,-1,-1,-1,-1,-1,-1,-1,-1,-1,-1,-1,-1,10,10,7,8,9,15,16,17,8,9,10,11,12,13,7,8,9,10,11,12,13,7,8,9,10,11,12,13,7,0,1,2,3,4,5,6,0,1,2,3,4,5,6,0,1,2,3,4,5,6,0,1,2,3,4,5,6,0,1,2,3,4,5,6,0,1,2,3,4,5,6,0,1,2,3,4,5,6
20,14,15,16,17,18,19,20,14,15,16,17,18,19,20,14,15,16,17,18,19,20,14,15,16,17,18,19,20,14,15,16,17,18,19,20,14,15,16,17,18,19,20,14,15,16,17,18,19,20,14,15,16,17,18,19,20,14,15,16,17,18,19,20,14,15,16,17,18,19,20,14,15,7,8,9,10,11,12,13,7,8,9,0,1,2,3,4,11,10,-1,-1,-1,-1,-1,-1,-1,-1,-1,-1,-1,-1,-1,-1,-1,-1,-1,-1,-1,-1,-1,-1,-1,-1,-1,-1,-1,-1,-1,-1,-1,-1,-1,-1,-1,-1,-1,-1,-1,-1,-1,-1,-1,-1,-1,-1,-1,-1,-1,-1,-1,-1,-1,-1,-1,-1,-1,-1,-1,10,10,21,22,0,24,15,16,17,18,19,20,14,15,16,17,18,19,20,14,15,16,17,18,19,20,14,7,8,9,10,11,12,13,7,8,9,10,11,12,13,7,8,9,10,11,12,13,7,8,9,10,11,12,13,7,8,9,10,11,12,13,7,8,9,10,11,12,13,7,8,9,10,11,12,13
27,21,22,23,24,25,26,27,21,22,23,24,25,26,27,21,22,23,24,25,26,27,21,22,23,24,25,26,27,21,22,23,24,25,26,27,21,22,23,24,25,26,27,21,22,23,24,25,26,27,21,22,23,24,25,26,27,21,22,23,24,25,26,27,21,22,23,24,25,26,27,21,22,14,15,16,17,18,19,20,14,15,16,7,8,0,1,11,10,-1,-1,-1,-1,-1,-1,-1,-1,-1,-1,-1,-1,-1,-1,-1,-1,-1,-1,-1,-1,-1,-1,-1,-1,-1,-1,-1,-1,-1,-1,-1,-1,-1,-1,-1,-1,-1,-1,-1,-1,-1,-1,-1,-1,-1,-1,-1,-1,-1,-1,-1,-1,-1,-1,-1,-1,-1,-1,-1,-1,-1,-1,10,10,0,21,22,23,24,25,26,27,21,22,23,24,25,26,27,21,22,23,24,25,26,27,21,14,15,16,17,18,19,20,14,15,16,17,18,19,20,14,15,16,17,18,19,20,14,15,16,17,18,19,20,14,15,16,17,18,19,20,14,15,16,17,18,19,20,14,15,16,17,18,19,20
34,28,29,30,31,32,33,34,28,29,30,31,32,33,34,28,29,30,31,32,33,34,28,29,30,31,32,33,34,28,29,30,31,32,33,34,28,29,30,31,32,33,34,28,29,30,31,32,33,34,28,29,30,31,32,33,34,28,29,30,31,32,33,34,28,29,30,31,32,33,34,28,29,21,22,23,24,25,26,27,21,22,23,0,1,7,8,10,-1,-1,-1,-1,-1,-1,-1,-1,-1,-1,-1,-1,-1,-1,-1,-1,-1,-1,-1,-1,-1,-1,-1,-1,-1,-1,-1,-1,-1,-1,-1,-1,-1,-1,-1,-1,-1,-1,-1,-1,-1,-1,-1,-1,-1,-1,-1,-1,-1,-1,-1,-1,-1,-1,-1,-1,-1,-1,-1,-1,-1,-1,-1,-1,-1,10,28,29,30,31,32,33,34,28,29,30,31,32,33,34,28,29,30,31,32,33,34,28,21,22,23,24,25,26,27,21,22,23,24,25,26,27,21,22,23,24,25,26,27,21,22,23,24,25,26,27,21,22,23,24,25,26,27,21,22,23,24,25,26,27,21,22,23,24,25,26,27
41,35,36,37,38,39,40,41,35,36,37,38,39,40,41,35,36,37,38,39,40,41,35,36,37,38,39,40,41,35,36,37,38,39,40,41,35,36,37,38,39,40,41,35,36,37,38,39,40,41,35,36,37,38,39,40,41,35,36,37,38,39,40,41,35,36,37,38,39,40,41,35,36,28,29,30,31,32,33,34,28,29,30,7,8,0,10,-1,-1,-1,-1,-1,-1,-1,-1,-1,-1,-1,-1,-1,-1,-1,-1,-1,-1,-1,-1,-1,-1,-1,-1,-1,-1,-1,-1,-1,-1,-1,-1,-1,-1,-1,-1,-1,-1,-1,-1,-1,-1,-1,-1,-1,-1,-1,-1,-1,-1,-1,-1,-1,-1,-1,-1,-1,-1,-1,-1,-1,-1,-1,-1,-1,-1,-1,10,0,1,2,0,1,5,6,0,1,2,3,4,5,6,0,1,2,3,4,5,6,0,1,30,31,32,33,34,28,29,30,31,32,33,34,28,29,30,31,32,33,34,28,29,30,31,32,33,34,28,29,30,31,32,33,34,28,29,30,31,32,33,34,28,29,30,31,32,33,34
48,42,43,44,45,46,47,48,42,43,44,45,46,47,48,42,43,44,45,46,47,48,42,43,44,45,46,47,48,42,43,44,45,46,47,48,42,43,44,45,46,47,48,42,43,44,45,46,47,48,42,43,44,45,46,47,48,42,43,44,45,46,47,48,42,43,44,45,46,47,48,42,43,35,36,37,38,39,40,41,35,36,37,38,0,10,-1,-1,-1,-1,-1,-1,-1,-1,-1,-1,-1,-1,-1,-1,-1,-1,-1,-1,-1,-1,-1,-1,-1,-1,-1,-1,-1,-1,-1,-1,-1,-1,-1,-1,-1,-1,-1,-1,-1,-1,-1,-1,-1,-1,-1,-1,-1,-1,-1,-1,-1,-1,-1,-1,-1,-1,-1,-1,-1,-1,-1,-1,-1,-1,-1,-1,-1,-1,-1,10,10,0,7,8,0,1,2,3,4,5,6,0,1,2,3,4,5,6,0,1,2,36,37,38,39,40,41,35,36,37,38,39,40,41,35,36,37,38,39,40,41,35,36,37,38,39,40,41,35,36,37,38,39,40,41,35,36,37,38,39,40,41,35,36,37,38,39,40,41
6,0,1,2,3,4,5,6,0,1,2,3,4,5,6,0,1,2,3,4,5,6,0,1,2,3,4,5,6,0,1,2,3,4,5,6,0,1,2,3,4,5,6,0,1,2,3,4,5,6,0,1,2,3,4,5,6,0,1,2,3,4,5,6,0,1,2,3,4,5,6,0,1,42,43,44,45,46,47,48,42,43,44,45,0,10,-1,-1,-1,-1,-1,-1,-1,-1,-1,-1,-1,-1,-1,-1,-1,-1,-1,-1,-1,-1,-1,-1,-1,-1,-1,-1,-1,-1,-1,-1,-1,-1,-1,-1,-1,-1,-1,-1,-1,-1,-1,-1,-1,-1,-1,-1,-1,-1,-1,-1,-1,-1,-1,-1,-1,-1,-1,-1,-1,-1,-1,-1,-1,-1,-1,-1,-1,-1,-1,-1,-1,10,14,15,7,8,9,10,11,12,13,7,8,9,10,11,12,13,7,8,9,43,44,45,46,47,48,42,43,44,45,46,47,48,42,43,44,45,46,47,48,42,43,44,45,46,47,48,42,43,44,45,46,47,48,42,43,44,45,46,47,48,42,43,44,45,46,47,48
13,7,8,9,10,11,12,13,7,8,9,10,11,12,13,7,8,9,10,11,12,13,7,8,9,10,11,12,13,7,8,9,10,11,12,13,7,8,9,10,11,12,13,7,8,9,10,11,12,13,7,8,9,10,11,12,13,7,8,9,10,11,12,13,7,8,9,10,11,12,13,7,8,0,1,2,3,4,5,6,0,1,2,3,10,-1,-1,-1,-1,-1,-1,-1,-1,-1,-1,-1,-1,-1,-1,-1,-1,-1,-1,-1,-1,-1,-1,-1,-1,-1,-1,-1,-1,-1,-1,-1,-1,-1,-1,-1,-1,-1,-1,-1,-1,-1,-1,-1,-1,-1,-1,-1,-1,-1,-1,-1,-1,-1,-1,-1,-1,-1,-1,-1,-1,-1,-1,-1,-1,-1,-1,-1,-1,-1,-1,-1,-1,-1,10,10,14,15,16,17,18,19,20,14,15,16,17,18,19,20,14,15,16,1,2,3,4,5,6,0,1,2,3,4,5,6,0,1,2,3,4,5,6,0,1,2,3,4,5,6,0,1,2,3,4,5,6,0,1,2,3,4,5,6,0,1,2,3,4,5,6
20,14,15,16,17,18,19,20,14,15,16,17,18,19,20,14,15,16,17,18,19,20,14,15,16,17,18,19,20,14,15,16,17,18,19,20,14,15,16,17,18,19,20,14,15,16,17,18,19,20,14,15,16,17,18,19,20,14,15,16,17,18,19,20,14,15,16,17,18,19,20,14,15,0,1,2,10,10,10,10,10,10,10,10,-1,-1,-1,-1,-1,-1,-1,-1,-1,-1,-1,-1,-1,-1,-1,-1,-1,-1,-1,-1,-1,-1,-1,-1,-1,-1,-1,-1,-1,-1,-1,-1,-1,-1,-1,-1,-1,-1,-1,-1,-1,-1,-1,-1,-1,-1,-1,-1,-1,-1,-1,-1,-1,-1,-1,-1,-1,-1,-1,-1,-1,-1,-1,-1,-1,-1,-1,-1,-1,-1,-1,-1,-1,-1,-1,-1,10,0,1,2,3,4,5,6,0,1,2,3,4,5,6,0,1,8,9,10,11,12,13,7,8,9,10,11,12,13,7,8,9,10,11,12,13,7,8,9,10,11,12,13,7,8,9,10,11,12,13,7,8,9,10,11,12,13,7,8,9,10,11,12,13
27,21,22,23,24,25,26,27,21,22,23,24,25,26,27,21,22,23,24,25,26,27,21,22,23,24,25,26,27,21,22,23,24,25,26,27,21,22,23,24,25,26,27,21,22,23,24,25,26,27,21,22,23,24,25,26,27,21,22,23,24,25,26,27,21,22,23,24,25,26,27,21,22,0,1,10,-1,-1,-1,-1,-1,-1,-1,-1,-1,-1,-1,-1,-1,-1,-1,-1,-1,-1,-1,-1,-1,-1,-1,-1,-1,-1,-1,-1,-1,-1,-1,-1,-1,-1,-1,-1,-1,-1,-1,-1,-1,-1,-1,-1,-1,-1,-1,-1,-1,-1,-1,-1,-1,-1,-1,-1,-1,-1,-1,-1,-1,-1,-1,-1,-1,-1,-1,-1,-1,-1,-1,-1,-1,-1,-1,-1,-1,-1,-1,-1,-1,-1,-1,-1,-1,10,10,0,1,2,3,4,5,6,0,1,2,3,4,5,6,15,16,17,18,19,20,14,15,16,17,18,19,20,14,15,16,17,18,19,20,14,15,16,17,18,19,20,14,15,16,17,18,19,20,14,15,16,17,18,19,20,14,15,16,17,18,19,20
6,0,1,2,3,4,5,6,0,1,2,3,4,5,6,0,1,2,3,4,5,6,0,1,2,3,4,5,6,0,1,2,3,4,5,6,0,1,2,3,4,5,6,0,1,2,3,4,5,6,0,1,2,3,4,5,6,0,1,2,5,6,0,1,2,3,4,5,6,0,1,2,3,1,8,10,-1,-1,-1,-1,-1,-1,-1,-1,-1,-1,-1,-1,-1,-1,-1,-1,-1,-1,-1,-1,-1,-1,-1,-1,-1,-1,-1,-1,-1,-1,-1,-1,-1,-1,-1,-1,-1,-1,-1,-1,-1,-1,-1,-1,-1,-1,-1,-1,-1,-1,-1,-1,-1,-1,-1,-1,-1,-1,-1,-1,-1,-1,-1,-1,-1,-1,-1,-1,-1,-1,-1,-1,-1,-1,-1,-1,-1,-1,-1,-1,-1,-1,-1,-1,-1,-1,-1,10,10,0,0,1,2,3,4,5,6,0,1,2,3,4,5,24,25,26,27,21,22,23,24,25,26,27,21,22,23,24,25,26,27,21,22,23,24,25,26,27,21,22,23,24,25,26,27,21,22,23,24,25,26,27,21,22,23,24,25,26,27
13,7,8,9,10,11,12,13,7,8,9,10,11,12,13,7,8,9,10,11,12,13,7,8,9,10,11,12,13,7,8,9,10,11,12,13,7,8,9,10,11,12,13,7,8,9,10,11,12,13,7,8,9,10,11,12,13,7,8,9,12,13,7,8,9,10,11,12,13,7,8,9,10,8,15,10,-1,-1,-1,-1,-1,-1,-1,-1,-1,-1,-1,-1,-1,-1,-1,-1,-1,-1,-1,-1,-1,-1,-1,-1,-1,-1,-1,-1,-1,-1,-1,-1,-1,-1,-1,-1,-1,-1,-1,-1,-1,-1,-1,-1,-1,-1,-1,-1,-1,-1,-1,-1,-1,-1,-1,-1,-1,-1,-1,-1,-1,-1,-1,-1,-1,-1,-1,-1,-1,-1,-1,-1,-1,-1,-1,-1,-1,-1,-1,-1,-1,-1,-1,-1,-1,-1,-1,-1,-1,10,0,1,2,3,4,5,6,0,1,2,3,29,30,31,32,33,34,28,29,30,31,32,33,34,28,29,30,31,32,33,34,28,29,30,31,32,33,34,28,29,30,31,32,33,34,28,29,30,31,32,33,34,28,29,30,31,32,33,34
20,14,15,16,17,18,19,20,14,15,16,17,18,19,20,14,15,16,17,18,19,20,14,15,16,17,18,19,20,14,15,16,17,18,19,20,14,15,16,17,18,19,20,14,15,16,17,18,19,20,14,15,16,17,18,19,20,0,1,2,3,4,5,6,0,1,2,3,4,5,6,16,17,15,22,10,-1,-1,-1,-1,-1,-1,-1,-1,-1,-1,-1,-1,-1,-1,-1,-1,-1,-1,-1,-1,-1,-1,-1,-1,-1,-1,-1,-1,-1,-1,-1,-1,-1,-1,-1,-1,-1,-1,-1,-1,-1,-1,-1,-1,-1,-1,-1,-1,-1,-1,-1,-1,-1,-1,-1,-1,-1,-1,-1,-1,-1,-1,-1,-1,-1,-1,-1,-1,-1,-1,-1,-1,-1,-1,-1,-1,-1,-1,-1,-1,-1,-1,-1,-1,-1,-1,-1,-1,-1,-1,10,10,10,0,1,2,3,4,5,6,0,36,37,38,39,40,41,35,36,37,38,39,40,41,35,36,37,38,39,40,41,35,36,37,38,39,40,41,35,36,37,38,39,40,41,35,36,37,38,39,40,41,35,36,37,38,39,40,41
27,21,22,23,24,25,26,27,21,22,23,24,25,26,27,21,22,23,24,25,26,27,21,22,23,24,25,26,27,21,22,23,24,25,26,27,21,22,23,24,25,26,27,21,22,23,24,25,26,27,21,22,23,24,25,26,27,7,8,9,10,11,12,13,7,8,9,10,11,12,13,23,24,22,10,-1,-1,-1,-1,-1,-1,-1,-1,-1,-1,-1,-1,-1,-1,-1,-1,-1,-1,-1,-1,-1,-1,-1,-1,-1,-1,-1,-1,-1,-1,-1,-1,-1,-1,-1,-1,-1,-1,-1,-1,-1,-1,-1,-1,-1,-1,-1,-1,-1,-1,-1,-1,-1,-1,-1,-1,-1,-1,-1,-1,-1,-1,-1,-1,-1,-1,-1,-1,-1,-1,-1,-1,-1,-1,-1,-1,-1,-1,-1,-1,-1,-1,-1,-1,-1,-1,-1,-1,-1,-1,-1,-1,-1,-1,10,0,0,1,2,3,4,6,0,44,45,46,47,48,42,43,44,45,46,47,48,42,43,44,45,46,47,48,42,43,44,45,46,47,48,42,43,44,45,46,47,48,42,43,44,45,46,47,48,42,43,44,45,46,47,48
34,28,29,30,31,32,33,34,28,29,30,31,32,33,34,28,29,30,31,32,33,34,28,29,30,31,32,33,34,28,29,30,31,32,33,34,28,29,30,31,32,33,34,28,29,30,31,32,33,34,28,29,30,31,32,33,34,14,15,16,17,18,19,20,14,15,16,17,18,19,20,30,31,10,-1,-1,-1,-1,-1,-1,-1,-1,-1,-1,-1,-1,-1,-1,-1,-1,-1,-1,-1,-1,-1,-1,-1,-1,-1,-1,-1,-1,-1,-1,-1,-1,-1,-1,-1,-1,-1,-1,-1,-1,-1,-1,-1,-1,-1,-1,-1,-1,-1,-1,-1,-1,-1,-1,-1,-1,-1,-1,-1,-1,-1,-1,-1,-1,-1,-1,-1,-1,-1,-1,-1,-1,-1,-1,-1,-1,-1,-1,-1,-1,-1,-1,-1,-1,-1,-1,-1,-1,-1,-1,-1,-1,-1,-1,-1,-1,10,7,8,9,10,11,0,1,2,3,4,5,6,0,1,2,3,4,5,6,0,1,2,3,4,5,6,0,1,2,3,4,5,6,0,1,2,3,4,5,6,0,1,2,3,4,5,6,0,1,2,3,4,5,6
41,35,36,37,38,39,40,41,35,36,37,38,39,40,41,35,36,37,38,39,40,41,35,36,37,38,39,40,41,35,36,37,38,39,40,41,35,36,37,38,39,40,41,35,36,37,38,39,40,41,35,36,37,38,39,40,41,21,22,23,24,25,26,27,21,22,23,24,25,26,27,0,10,-1,-1,-1,-1,-1,-1,-1,-1,-1,-1,-1,-1,-1,-1,-1,-1,-1,-1,-1,-1,-1,-1,-1,-1,-1,-1,-1,-1,-1,-1,-1,-1,-1,-1,-1,-1,-1,-1,-1,-1,-1,-1,-1,-1,-1,-1,-1,-1,-1,-1,-1,-1,-1,-1,-1,-1,-1,-1,-1,-1,-1,-1,-1,-1,-1,-1,-1,-1,-1,-1,-1,-1,-1,-1,-1,-1,-1,-1,-1,-1,-1,-1,-1,-1,-1,-1,-1,-1,-1,-1,-1,-1,-1,-1,-1,-1,-1,10,14,15,16,17,18,7,8,9,10,11,12,13,7,8,9,10,11,12,13,7,8,9,10,11,12,13,7,8,9,10,11,12,13,7,8,9,10,11,12,13,7,8,9,10,11,12,13,7,8,9,10,11,12,13
48,42,43,44,45,46,47,48,42,43,44,45,46,47,48,42,43,44,45,46,47,48,42,43,44,45,46,47,48,42,43,44,45,46,47,48,42,43,44,45,46,47,48,42,43,44,45,46,47,48,42,43,44,45,46,47,48,28,29,30,31,32,33,34,28,29,30,31,32,33,34,10,-1,-1,-1,-1,-1,-1,-1,-1,-1,-1,-1,-1,-1,-1,-1,-1,-1,-1,-1,-1,-1,-1,-1,-1,-1,-1,-1,-1,-1,-1,-1,-1,-1,-1,-1,-1,-1,-1,-1,-1,-1,-1,-1,-1,-1,-1,-1,-1,-1,-1,-1,-1,-1,-1,-1,-1,-1,-1,-1,-1,-1,-1,-1,-1,-1,-1,-1,-1,-1,-1,-1,-1,-1,-1,-1,-1,-1,-1,-1,-1,-1,-1,-1,-1,-1,-1,-1,-1,-1,-1,-1,-1,-1,-1,-1,-1,-1,-1,10,21,0,1,2,3,4,15,16,17,18,19,20,14,15,16,17,18,19,20,14,15,16,17,18,19,20,14,15,16,17,18,19,20,14,15,16,17,18,19,20,14,15,16,17,18,19,20,14,15,16,17,18,19,20
6,0,1,2,3,4,5,6,0,1,2,3,4,5,6,0,1,2,3,4,5,6,0,1,2,3,4,5,6,0,1,2,3,4,5,6,0,1,2,3,4,5,6,0,1,2,3,4,5,6,0,1,2,3,4,5,6,0,1,0,1,2,3,4,5,6,0,1,2,0,10,-1,-1,-1,-1,-1,-1,-1,-1,-1,-1,-1,-1,-1,-1,-1,-1,-1,-1,-1,-1,-1,-1,-1,-1,-1,-1,-1,-1,-1,-1,-1,-1,-1,-1,-1,-1,-1,-1,-1,-1,-1,-1,-1,-1,-1,-1,-1,-1,-1,-1,-1,-1,-1,-1,-1,-1,-1,-1,-1,-1,-1,-1,-1,-1,-1,-1,-1,-1,-1,-1,-1,-1,-1,-1,-1,-1,-1,-1,-1,-1,-1,-1,-1,-1,-1,-1,-1,-1,-1,-1,-1,-1,-1,-1,-1,-1,-1,-1,-1,-1,10,7,8,9,10,11,22,23,24,25,26,27,21,22,23,24,25,26,27,21,22,23,24,25,26,27,21,22,23,24,25,26,27,21,22,23,24,25,26,27,21,22,23,24,25,26,27,21,22,23,24,25,26,27
13,7,8,9,10,11,12,13,7,8,9,10,11,12,13,7,8,9,10,11,12,13,7,8,9,10,11,12,13,7,8,9,10,11,12,13,7,8,9,10,11,12,13,7,8,9,10,11,12,13,7,8,9,10,11,12,13,7,8,7,8,9,10,11,12,13,7,8,9,10,-1,-1,-1,-1,-1,-1,-1,-1,-1,-1,-1,-1,-1,-1,-1,-1,-1,-1,-1,-1,-1,-1,-1,-1,-1,-1,-1,-1,-1,-1,-1,-1,-1,-1,-1,-1,-1,-1,-1,-1,-1,-1,-1,-1,-1,-1,-1,-1,-1,-1,-1,-1,-1,-1,-1,-1,-1,-1,-1,-1,-1,-1,-1,-1,-1,-1,-1,-1,-1,-1,-1,-1,-1,-1,-1,-1,-1,-1,-1,-1,-1,-1,-1,-1,-1,-1,-1,-1,-1,-1,-1,-1,-1,-1,-1,-1,-1,-1,-1,-1,-1,10,14,15,16,17,18,29,30,31,32,33,34,28,29,30,31,32,33,34,28,29,30,31,32,33,34,28,29,30,31,32,33,34,28,29,30,31,32,33,34,28,29,30,31,32,33,34,28,29,30,31,32,33,34
20,14,15,16,17,18,19,20,14,15,16,17,18,19,20,14,15,16,17,18,19,20,14,15,16,17,18,19,20,14,15,16,17,18,19,20,14,15,16,17,18,19,20,14,15,16,17,18,19,20,14,15,16,17,18,19,20,14,15,0,1,2,3,4,5,6,0,1,10,-1,-1,-1,-1,-1,-1,-1,-1,-1,-1,-1,-1,-1,-1,-1,-1,-1,-1,-1,-1,-1,-1,-1,-1,-1,-1,-1,-1,-1,-1,-1,-1,-1,-1,-1,-1,-1,-1,-1,-1,-1,-1,-1,-1,-1,-1,-1,-1,-1,-1,-1,-1,-1,-1,-1,-1,-1,-1,-1,-1,-1,-1,-1,-1,-1,-1,-1,-1,-1,-1,-1,-1,-1,-1,-1,-1,-1,-1,-1,-1,-1,-1,-1,-1,-1,-1,-1,-1,-1,-1,-1,-1,-1,-1,-1,-1,-1,-1,-1,-1,-1,-1,-1,10,0,0,1,35,36,37,38,39,40,41,35,36,37,38,39,40,41,35,36,37,38,39,40,41,35,36,37,38,39,40,41,35,36,37,38,39,40,41,35,36,37,38,39,40,41,35,36,37,38,39,40,41
27,21,22,23,24,25,26,27,21,22,23,24,25,26,27,21,22,23,24,25,26,27,21,22,23,24,25,26,27,21,22,23,24,25,26,27,21,22,23,24,25,26,27,21,22,23,24,25,26,27,21,22,23,24,25,26,27,21,22,7,8,9,10,11,12,13,7,8,10,-1,-1,-1,-1,-1,-1,-1,-1,-1,-1,-1,-1,-1,-1,-1,-1,-1,-1,-1,-1,-1,-1,-1,-1,-1,-1,-1,-1,-1,-1,-1,-1,-1,-1,-1,-1,-1,-1,-1,-1,-1,-1,-1,-1,-1,-1,-1,-1,-1,-1,-1,-1,-1,-1,-1,-1,-1,-1,-1,-1,-1,-1,-1,-1,-1,-1,-1,-1,-1,-1,-1,-1,-1,-1,-1,-1,-1,-1,-1,-1,-1,-1,-1,-1,-1,-1,-1,-1,-1,-1,-1,-1,-1,-1,-1,-1,-1,-1,-1,-1,-1,-1,-1,10,10,7,8,42,43,44,45,46,47,48,42,43,44,45,46,47,48,42,43,44,45,46,47,48,42,43,44,45,46,47,48,42,43,44,45,46,47,48,42,43,44,45,46,47,48,42,43,44,45,46,47,48
34,28,29,30,31,32,33,34,28,29,30,31,32,33,34,28,29,30,31,32,33,34,28,29,30,31,32,33,34,28,29,30,31,32,33,34,28,29,30,31,32,33,34,28,29,30,31,32,33,34,28,29,30,31,32,33,34,28,29,30,0,1,2,3,4,0,0,10,-1,-1,-1,-1,-1,-1,-1,-1,-1,-1,-1,-1,-1,-1,-1,-1,-1,-1,-1,-1,-1,-1,-1,-1,-1,-1,-1,-1,-1,-1,-1,-1,-1,-1,-1,-1,-1,-1,-1,-1,-1,-1,-1,-1,-1,-1,-1,-1,-1,-1,-1,-1,-1,-1,-1,-1,-1,-1,-1,-1,-1,-1,-1,-1,-1,-1,-1,-1,-1,-1,-1,-1,-1,-1,-1,-1,-1,-1,-1,-1,-1,-1,-1,-1,-1,-1,-1,-1,-1,-1,-1,-1,-1,-1,-1,-1,-1,-1,-1,-1,-1,-1,-1,-1,10,10,14,15,0,1,2,3,4,5,6,0,1,2,3,4,5,6,0,1,2,3,4,5,6,0,1,2,3,4,5,6,0,1,2,3,4,5,6,0,1,2,3,4,5,6,0,1,2,3,4,5,6
41,35,36,37,38,39,40,41,35,36,37,38,39,40,41,35,36,37,38,39,40,41,35,36,37,38,39,40,41,35,36,37,38,39,40,41,35,36,37,38,39,40,41,35,36,37,38,39,40,41,35,36,37,38,39,40,41,35,36,37,7,8,9,10,11,7,10,-1,-1,-1,-1,-1,-1,-1,-1,-1,-1,-1,-1,-1,-1,-1,-1,-1,-1,-1,-1,-1,-1,-1,-1,-1,-1,-1,-1,-1,-1,-1,-1,-1,-1,-1,-1,-1,-1,-1,-1,-1,-1,-1,-1,-1,-1,-1,-1,-1,-1,-1,-1,-1,-1,-1,-1,-1,-1,-1,-1,-1,-1,-1,-1,-1,-1,-1,-1,-1,-1,-1,-1,-1,-1,-1,-1,-1,-1,-1,-1,-1,-1,-1,-1,-1,-1,-1,-1,-1,-1,-1,-1,-1,-1,-1,-1,-1,-1,-1,-1,-1,-1,-1,-1,-1,-1,-1,10,0,7,8,9,10,11,12,13,7,8,9,10,11,12,13,7,8,9,10,11,12,13,7,8,9,10,11,12,13,7,8,9,10,11,12,13,7,8,9,10,11,12,13,7,8,9,10,11,12,13
48,42,43,44,45,46,47,48,42,43,44,45,46,47,48,42,43,44,45,46,47,48,42,43,44,45,46,47,48,42,43,44,45,46,47,48,42,43,44,45,46,47,48,42,43,44,45,46,47,48,42,43,44,45,46,47,48,42,43,44,14,15,16,17,18,14,10,-1,-1,-1,-1,-1,-1,-1,-1,-1,-1,-1,-1,-1,-1,-1,-1,-1,-1,-1,-1,-1,-1,-1,-1,-1,-1,-1,-1,-1,-1,-1,-1,-1,-1,-1,-1,-1,-1,-1,-1,-1,-1,-1,-1,-1,-1,-1,-1,-1,-1,-1,-1,-1,-1,-1,-1,-1,-1,-1,-1,-1,-1,-1,-1,-1,-1,-1,-1,-1,-1,-1,-1,-1,-1,-1,-1,-1,-1,-1,-1,-1,-1,-1,-1,-1,-1,-1,-1,-1,-1,-1,-1,-1,-1,-1,-1,-1,-1,-1,-1,-1,-1,-1,-1,-1,-1,-1,-1,10,14,15,16,17,18,19,20,14,15,16,17,18,19,20,14,15,16,17,18,19,20,14,15,16,17,18,19,20,14,15,16,17,18,19,20,14,15,16,17,18,19,20,14,15,16,17,18,19,20
6,0,1,2,3,4,5,6,0,1,2,3,4,5,6,0,1,2,3,4,5,6,0,1,2,3,4,5,6,0,1,2,3,4,5,6,0,1,2,3,4,5,6,0,1,2,3,4,5,6,0,1,2,3,4,5,6,0,1,2,21,22,23,24,25,10,-1,-1,-1,-1,-1,-1,-1,-1,-1,-1,-1,-1,-1,-1,-1,-1,-1,-1,-1,-1,-1,-1,-1,-1,-1,-1,-1,-1,-1,-1,-1,-1,-1,-1,-1,-1,-1,-1,-1,-1,-1,-1,-1,-1,-1,-1,-1,-1,-1,-1,-1,-1,-1,-1,-1,-1,-1,-1,-1,-1,-1,-1,-1,-1,-1,-1,-1,-1,-1,-1,-1,-1,-1,-1,-1,-1,-1,-1,-1,-1,-1,-1,-1,-1,-1,-1,-1,-1,-1,-1,-1,-1,-1,-1,-1,-1,-1,-1,-1,-1,-1,-1,-1,-1,-1,-1,-1,-1,-1,10,21,22,23,24,25,26,27,21,22,23,24,25,26,27,21,22,23,24,25,26,27,21,22,23,24,25,26,27,21,22,23,24,25,26,27,21,22,23,24,25,26,27,21,22,23,24,25,26,27
13,7,8,9,10,11,12,13,7,8,9,10,11,12,13,7,8,9,10,11,12,13,7,8,9,10,11,12,13,7,8,9,10,11,12,13,7,8,9,10,11,12,13,7,8,9,10,11,12,13,7,8,9,10,11,12,13,7,8,9,0,1,2,3,32,10,-1,-1,-1,-1,-1,-1,-1,-1,-1,-1,-1,-1,-1,-1,-1,-1,-1,-1,-1,-1,-1,-1,-1,-1,-1,-1,-1,-1,-1,-1,-1,-1,-1,-1,-1,-1,-1,-1,-1,-1,-1,-1,-1,-1,-1,-1,-1,-1,-1,-1,-1,-1,-1,-1,-1,-1,-1,-1,-1,-1,-1,-1,-1,-1,-1,-1,-1,-1,-1,-1,-1,-1,-1,-1,-1,-1,-1,-1,-1,-1,-1,-1,-1,-1,-1,-1,-1,-1,-1,-1,-1,-1,-1,-1,-1,-1,-1,-1,-1,-1,-1,-1,-1,-1,-1,-1,-1,-1,-1,10,28,29,30,31,32,33,34,28,29,30,31,32,33,34,28,29,30,31,32,33,34,28,29,30,31,32,33,34,28,29,30,31,32,33,34,28,29,30,31,32,33,34,28,29,30,31,32,33,34
20,14,15,16,17,18,19,20,14,15,16,17,18,19,20,14,15,16,17,18,19,20,14,15,16,17,18,19,20,14,15,16,17,18,19,20,14,15,16,17,18,19,20,14,15,16,17,18,19,20,14,15,16,17,18,19,20,14,15,16,0,1,2,10,10,-1,-1,-1,-1,-1,-1,-1,-1,-1,-1,-1,-1,-1,-1,-1,-1,-1,-1,-1,-1,-1,-1,-1,-1,-1,-1,-1,-1,-1,-1,-1,-1,-1,-1,-1,-1,-1,-1,-1,-1,-1,-1,-1,-1,-1,-1,-1,-1,-1,-1,-1,-1,-1,-1,-1,-1,-1,-1,-1,-1,-1,-1,-1,-1,-1,-1,-1,-1,-1,-1,-1,-1,-1,-1,-1,-1,-1,-1,-1,-1,-1,-1,-1,-1,-1,-1,-1,-1,-1,-1,-1,-1,-1,-1,-1,-1,-1,-1,-1,-1,-1,-1,-1,-1,-1,-1,-1,-1,-1,-1,10,35,36,37,38,39,40,41,35,36,37,38,39,40,41,35,36,37,38,39,40,41,35,36,37,38,39,40,41,35,36,37,38,39,40,41,35,36,37,38,39,40,41,35,36,37,38,39,40,41
27,21,22,23,24,25,26,27,21,22,23,24,25,26,27,21,22,23,24,25,26,27,21,22,23,24,25,26,27,21,22,23,24,25,26,27,21,22,23,24,25,26,27,21,22,23,24,25,26,27,21,22,23,24,25,26,27,21,22,23,7,8,9,10,-1,-1,-1,-1,-1,-1,-1,-1,-1,-1,-1,-1,-1,-1,-1,-1,-1,-1,-1,-1,-1,-1,-1,-1,-1,-1,-1,-1,-1,-1,-1,-1,-1,-1,-1,-1,-1,-1,-1,-1,-1,-1,-1,-1,-1,-1,-1,-1,-1,-1,-1,-1,-1,-1,-1,-1,-1,-1,-1,-1,-1,-1,-1,-1,-1,-1,-1,-1,-1,-1,-1,-1,-1,-1,-1,-1,-1,-1,-1,-1,-1,-1,-1,-1,-1,-1,-1,-1,-1,-1,-1,-1,-1,-1,-1,-1,-1,-1,-1,-1,-1,-1,-1,-1,-1,-1,-1,-1,-1,-1,-1,10,42,43,44,45,46,47,48,42,43,44,45,46,47,48,42,43,44,45,46,47,48,42,43,44,45,46,47,48,42,43,44,45,46,47,48,42,43,44,45,46,47,48,42,43,44,45,46,47,48
34,28,29,30,31,32,33,34,28,29,30,31,32,33,34,28,29,30,31,32,33,34,28,29,30,31,32,33,34,28,29,30,31,32,33,34,28,29,30,31,32,33,34,28,29,30,31,32,33,34,28,29,30,31,32,33,34,28,29,0,1,2,16,10,-1,-1,-1,-1,-1,-1,-1,-1,-1,-1,-1,-1,-1,-1,-1,-1,-1,-1,-1,-1,-1,-1,-1,-1,-1,-1,-1,-1,-1,-1,-1,-1,-1,-1,-1,-1,-1,-1,-1,-1,-1,-1,-1,-1,-1,-1,-1,-1,-1,-1,-1,-1,-1,-1,-1,-1,-1,-1,-1,-1,-1,-1,-1,-1,-1,-1,-1,-1,-1,-1,-1,-1,-1,-1,-1,-1,-1,-1,-1,-1,-1,-1,-1,-1,-1,-1,-1,-1,-1,-1,-1,-1,-1,-1,-1,-1,-1,-1,-1,-1,-1,-1,-1,-1,-1,-1,-1,-1,-1,-1,-1,10,0,1,2,3,4,5,6,0,1,2,3,4,5,6,0,1,2,3,4,5,6,0,1,2,3,4,5,6,0,1,2,3,4,5,6,0,1,2,3,4,5,6,0,1,2,3,4,5,6
41,35,36,37,38,39,40,41,35,36,37,38,39,40,41,35,36,37,38,39,40,41,35,36,37,38,39,40,41,35,36,37,38,39,40,41,35,36,37,38,39,40,41,35,36,37,38,39,40,41,35,36,37,38,39,40,41,35,36,7,8,9,10,-1,-1,-1,-1,-1,-1,-1,-1,-1,-1,-1,-1,-1,-1,-1,-1,-1,-1,-1,-1,-1,-1,-1,-1,-1,-1,-1,-1,-1,-1,-1,-1,-1,-1,-1,-1,-1,-1,-1,-1,-1,-1,-1,-1,-1,-1,-1,-1,-1,-1,-1,-1,-1,-1,-1,-1,-1,-1,-1,-1,-1,-1,-1,-1,-1,-1,-1,-1,-1,-1,0,-1,-1,-1,-1,-1,-1,-1,-1,-1,-1,-1,-1,-1,-1,-1,-1,-1,-1,-1,-1,-1,-1,-1,-1,-1,-1,-1,-1,-1,-1,-1,-1,-1,-1,-1,-1,-1,-1,-1,-1,-1,10,7,8,9,10,11,12,13,7,8,9,10,11,12,13,7,8,9,10,11,12,13,7,8,9,10,11,12,13,7,8,9,10,11,12,13,7,8,9,10,11,12,13,7,8,9,10,11,12,13
48,42,43,44,45,46,47,48,42,43,44,45,46,47,48,42,43,44,45,46,47,48,42,43,44,45,46,47,48,42,43,44,45,46,47,48,42,43,44,45,46,47,48,42,43,44,45,46,47,48,42,43,44,45,46,47,48,42,43,14,15,16,10,-1,-1,-1,-1,-1,-1,-1,-1,-1,-1,-1,-1,-1,-1,-1,-1,-1,-1,-1,-1,-1,-1,-1,-1,-1,-1,-1,-1,-1,-1,-1,-1,-1,-1,-1,-1,-1,-1,-1,-1,-1,-1,-1,-1,-1,-1,-1,-1,-1,-1,-1,-1,-1,-1,-1,-1,-1,-1,-1,-1,-1,-1,-1,-1,-1,-1,-1,-1,-1,-1,-1,-1,-1,-1,-1,-1,-1,-1,-1,-1,-1,-1,-1,-1,-1,-1,-1,-1,-1,-1,-1,-1,-1,-1,-1,-1,-1,-1,-1,-1,-1,-1,-1,-1,-1,-1,-1,-1,-1,-1,-1,-1,10,14,15,16,17,18,19,20,14,15,16,17,18,19,20,14,15,16,17,18,19,20,14,15,16,17,18,19,20,14,15,16,17,18,19,20,14,15,16,17,18,19,20,14,15,16,17,18,19,20
6,0,1,2,3,4,5,6,0,1,2,3,4,5,6,0,1,2,3,4,5,6,0,1,2,3,4,5,6,0,1,2,3,4,5,6,0,1,2,3,4,5,6,0,1,2,3,4,5,6,0,1,2,3,4,5,6,0,1,21,22,23,10,-1,-1,-1,-1,-1,-1,-1,-1,-1,-1,-1,-1,-1,-1,-1,-1,-1,-1,-1,-1,-1,-1,-1,-1,-1,-1,-1,-1,-1,-1,-1,-1,-1,-1,-1,-1,-1,-1,-1,-1,-1,-1,-1,-1,-1,-1,-1,-1,-1,-1,-1,-1,-1,-1,-1,-1,-1,-1,-1,-1,-1,-1,-1,-1,-1,-1,-1,-1,-1,-1,-1,-1,-1,-1,-1,-1,-1,-1,-1,-1,-1,-1,-1,-1,-1,-1,-1,-1,-1,-1,-1,-1,-1,-1,-1,-1,-1,-1,-1,-1,-1,-1,-1,-1,-1,-1,-1,-1,-1,-1,-1,10,0,21,22,23,24,25,26,27,21,22,23,24,25,26,27,21,22,23,24,25,26,27,21,22,23,24,25,26,27,21,22,23,24,25,26,27,21,22,23,24,25,26,27,21,22,23,24,25,26,27
13,7,8,9,10,11,12,13,7,8,9,10,11,12,13,7,8,9,10,11,12,13,7,8,9,10,11,12,13,7,8,9,10,11,12,13,7,8,9,10,11,12,13,7,8,9,10,11,12,13,7,8,9,10,11,12,13,7,8,9,0,10,-1,-1,-1,-1,-1,-1,-1,-1,-1,-1,-1,-1,-1,-1,-1,-1,-1,-1,-1,-1,-1,-1,-1,-1,-1,-1,-1,-1,-1,-1,-1,-1,-1,-1,-1,-1,-1,-1,-1,-1,-1,-1,-1,-1,-1,-1,-1,-1,-1,-1,-1,-1,-1,-1,-1,-1,-1,-1,-1,-1,-1,-1,-1,-1,-1,-1,-1,-1,-1,-1,-1,-1,-1,-1,-1,-1,-1,-1,-1,-1,-1,-1,-1,-1,-1,-1,-1,-1,-1,-1,-1,-1,-1,-1,-1,-1,-1,-1,-1,-1,-1,-1,-1,-1,-1,-1,-1,-1,-1,-1,-1,-1,10,0,28,29,30,31,32,33,34,28,29,30,31,32,33,34,28,29,30,31,32,33,34,28,29,30,31,32,33,34,28,29,30,31,32,33,34,28,29,30,31,32,33,34,28,29,30,31,32,33,34
20,14,15,16,17,18,19,20,14,15,16,17,18,19,20,14,15,16,17,18,19,20,14,15,16,17,18,19,20,14,15,16,17,18,19,20,14,15,16,17,18,19,20,14,15,16,17,18,19,20,14,15,16,17,18,19,20,14,15,16,7,10,-1,-1,-1,-1,-1,-1,-1,-1,-1,-1,-1,-1,-1,-1,-1,-1,-1,-1,-1,-1,-1,-1,-1,-1,-1,-1,-1,-1,-1,-1,-1,-1,-1,-1,-1,-1,-1,-1,-1,-1,-1,-1,-1,-1,-1,-1,-1,-1,-1,-1,-1,-1,-1,-1,-1,-1,-1,-1,-1,-1,-1,-1,-1,-1,-1,-1,-1,-1,-1,-1,-1,-1,-1,-1,-1,-1,-1,-1,-1,-1,-1,-1,-1,-1,-1,-1,-1,-1,-1,-1,-1,-1,-1,-1,-1,-1,-1,-1,-1,-1,-1,-1,-1,-1,-1,-1,-1,-1,-1,-1,-1,-1,10,0,35,36,37,38,39,40,41,35,36,37,38,39,40,41,35,36,37,38,39,40,41,35,36,37,38,39,40,41,35,36,37,38,39,40,41,35,36,37,38,39,40,41,35,36,37,38,39,40,41
27,21,22,23,24,25,26,27,21,22,23,24,25,26,27,21,22,23,24,25,26,27,21,22,23,24,25,26,27,21,22,23,24,25,26,27,21,22,23,24,25,26,27,21,22,23,24,25,26,27,21,22,23,24,25,26,27,21,22,23,10,-1,-1,-1,-1,-1,-1,-1,-1,-1,-1,-1,-1,-1,-1,-1,-1,-1,-1,-1,-1,-1,-1,-1,-1,-1,-1,-1,-1,-1,-1,-1,-1,-1,-1,-1,-1,-1,-1,-1,-1,-1,-1,-1,-1,-1,-1,-1,-1,-1,-1,-1,-1,-1,-1,-1,-1,-1,-1,-1,-1,-1,-1,-1,-1,-1,-1,-1,-1,-1,-1,-1,-1,-1,-1,-1,-1,-1,-1,-1,-1,-1,-1,-1,-1,-1,-1,-1,-1,-1,-1,-1,-1,-1,-1,-1,-1,-1,-1,-1,-1,-1,-1,-1,-1,-1,-1,-1,-1,-1,-1,-1,-1,-1,10,7,42,43,44,45,46,47,48,42,43,44,45,46,47,48,42,43,44,45,46,47,48,42,43,44,45,46,47,48,42,43,44,45,46,47,48,42,43,44,45,46,47,48,42,43,44,45,46,47,48
34,28,29,30,31,32,33,34,28,29,30,31,32,33,34,28,29,30,31,32,33,34,28,29,30,31,32,33,34,28,29,30,31,32,33,34,28,29,30,31,32,33,34,28,29,30,31,32,33,34,28,29,30,31,32,33,34,28,29,30,10,-1,-1,-1,-1,-1,-1,-1,-1,-1,-1,-1,-1,-1,-1,-1,-1,-1,-1,-1,-1,-1,-1,-1,-1,-1,-1,-1,-1,-1,-1,-1,-1,-1,-1,-1,-1,-1,-1,-1,-1,-1,-1,-1,-1,-1,-1,-1,-1,-1,-1,-1,-1,-1,-1,-1,-1,-1,-1,-1,-1,-1,-1,-1,-1,-1,-1,-1,-1,-1,-1,-1,-1,-1,-1,-1,-1,-1,-1,-1,-1,-1,-1,-1,-1,-1,-1,-1,-1,-1,-1,-1,-1,-1,-1,-1,-1,-1,-1,-1,-1,-1,-1,-1,-1,-1,-1,-1,-1,-1,-1,-1,-1,-1,10,14,0,1,2,3,4,5,6,0,1,2,3,4,5,6,0,1,2,3,4,5,6,0,1,2,3,4,5,6,0,1,2,3,4,5,6,0,1,2,3,4,5,6,0,1,2,3,4,5,6
41,35,36,37,38,39,40,41,35,36,37,38,39,40,41,35,36,37,38,39,40,41,35,36,37,38,39,40,41,35,36,37,38,39,40,41,35,36,37,38,39,40,41,35,36,37,38,39,40,41,35,36,37,38,39,40,41,35,36,37,10,-1,-1,-1,-1,-1,-1,-1,-1,-1,-1,-1,-1,-1,-1,-1,-1,-1,-1,-1,-1,-1,-1,-1,-1,-1,-1,-1,-1,-1,-1,-1,-1,-1,-1,-1,-1,-1,-1,-1,-1,-1,-1,-1,-1,-1,-1,-1,-1,-1,-1,-1,-1,-1,-1,-1,-1,-1,-1,-1,-1,-1,-1,-1,-1,-1,-1,-1,-1,-1,-1,-1,-1,-1,-1,-1,-1,-1,-1,-1,-1,-1,-1,-1,-1,-1,-1,-1,-1,-1,-1,-1,-1,-1,-1,-1,-1,-1,-1,-1,-1,-1,-1,-1,-1,-1,-1,-1,-1,-1,-1,-1,-1,-1,10,21,7,8,9,10,11,12,13,7,8,9,10,11,12,13,7,8,9,10,11,12,13,7,8,9,10,11,12,13,7,8,9,10,11,12,13,7,8,9,10,11,12,13,7,8,9,10,11,12,13
48,42,43,44,45,46,47,48,42,43,44,45,46,47,48,42,43,44,45,46,47,48,42,43,44,45,46,47,48,42,43,44,45,46,47,48,42,43,44,45,46,47,48,42,43,44,45,46,47,48,42,43,44,45,46,47,48,42,43,44,10,-1,-1,-1,-1,-1,-1,-1,-1,-1,-1,-1,-1,-1,-1,-1,-1,-1,-1,-1,-1,-1,-1,-1,-1,-1,-1,-1,-1,-1,-1,-1,-1,-1,-1,-1,-1,-1,-1,-1,-1,-1,-1,-1,-1,-1,-1,-1,-1,-1,-1,-1,-1,-1,-1,-1,-1,-1,-1,-1,-1,-1,-1,-1,-1,-1,-1,-1,-1,-1,-1,-1,-1,-1,-1,-1,-1,-1,-1,-1,-1,-1,-1,-1,-1,-1,-1,-1,-1,-1,-1,-1,-1,-1,-1,-1,-1,-1,-1,-1,-1,-1,-1,-1,-1,-1,-1,-1,-1,-1,-1,-1,-1,10,0,28,14,15,16,17,18,19,20,14,15,16,17,18,19,20,14,15,16,17,18,19,20,14,15,16,17,18,19,20,14,15,16,17,18,19,20,14,15,16,17,18,19,20,14,15,16,17,18,19,20
6,0,1,2,3,4,5,6,0,1,2,3,4,5,6,0,1,2,3,4,5,6,0,1,2,3,4,5,6,0,1,2,3,4,5,6,0,1,2,3,4,5,6,0,1,2,3,4,5,6,0,1,2,3,4,5,6,0,1,2,10,-1,-1,-1,-1,-1,-1,-1,-1,-1,-1,-1,-1,-1,-1,-1,-1,-1,-1,-1,-1,-1,-1,-1,-1,-1,-1,-1,-1,-1,-1,-1,-1,-1,-1,-1,-1,-1,-1,-1,-1,-1,-1,-1,-1,-1,-1,-1,-1,-1,-1,-1,-1,-1,-1,-1,-1,-1,-1,-1,-1,-1,-1,-1,-1,-1,-1,-1,-1,-1,-1,-1,-1,-1,-1,-1,-1,-1,-1,-1,-1,-1,-1,-1,-1,-1,-1,-1,-1,-1,-1,-1,-1,-1,-1,-1,-1,-1,-1,-1,-1,-1,-1,-1,-1,-1,-1,-1,-1,-1,-1,-1,-1,10,0,35,21,22,23,24,25,26,27,21,22,23,24,25,26,27,21,22,23,24,25,26,27,21,22,23,24,25,26,27,21,22,23,24,25,26,27,21,22,23,24,25,26,27,21,22,23,24,25,26,27
13,7,8,9,10,11,12,13,7,8,9,10,11,12,13,7,8,9,10,11,12,13,7,8,9,10,11,12,13,7,8,9,10,11,12,13,7,8,9,10,11,12,13,7,8,9,10,11,12,13,7,8,9,10,11,12,13,7,8,9,10,-1,-1,-1,-1,-1,-1,-1,-1,-1,-1,-1,-1,-1,-1,-1,-1,-1,-1,-1,-1,-1,-1,-1,-1,-1,-1,-1,-1,-1,-1,-1,-1,-1,-1,-1,-1,-1,-1,-1,-1,-1,-1,-1,-1,-1,-1,-1,-1,-1,-1,-1,-1,-1,-1,-1,-1,-1,-1,-1,-1,-1,-1,-1,-1,-1,-1,-1,-1,-1,-1,-1,-1,-1,-1,-1,-1,-1,-1,-1,-1,-1,-1,-1,-1,-1,-1,-1,-1,-1,-1,-1,-1,-1,-1,-1,-1,-1,-1,-1,-1,-1,-1,-1,-1,-1,-1,-1,-1,-1,-1,-1,-1,10,0,42,28,29,30,31,32,33,34,28,29,30,31,32,33,34,28,29,30,31,32,33,34,28,29,30,31,32,33,34,28,29,30,31,32,33,34,28,29,30,31,32,33,34,28,29,30,31,32,33,34
20,14,15,16,17,18,19,20,14,15,16,17,18,19,20,14,15,16,17,18,19,20,14,15,16,17,18,19,20,14,15,16,17,18,19,20,14,15,16,17,18,19,20,14,15,16,17,18,19,20,14,15,16,17,18,19,20,14,15,16,10,-1,-1,-1,-1,-1,-1,-1,-1,-1,-1,-1,-1,-1,-1,-1,-1,-1,-1,-1,-1,-1,-1,-1,-1,-1,-1,-1,-1,-1,-1,-1,-1,-1,-1,-1,-1,-1,-1,-1,-1,-1,-1,-1,-1,-1,-1,-1,-1,-1,-1,-1,-1,-1,-1,-1,-1,-1,-1,-1,-1,-1,-1,-1,-1,-1,-1,-1,-1,-1,-1,-1,-1,-1,-1,-1,-1,-1,-1,-1,-1,-1,-1,-1,-1,-1,-1,-1,-1,-1,-1,-1,-1,-1,-1,-1,-1,-1,-1,-1,-1,-1,-1,-1,-1,-1,-1,-1,-1,-1,-1,-1,10,0,7,0,35,36,37,38,39,40,41,35,36,37,38,39,40,41,35,36,37,38,39,40,41,35,36,37,38,39,40,41,35,36,37,38,39,40,41,35,36,37,38,39,40,41,35,36,37,38,39,40,41
27,21,22,23,24,25,26,27,21,22,23,24,25,26,27,21,22,23,24,25,26,27,21,22,23,24,25,26,27,21,22,23,24,25,26,27,21,22,23,24,25,26,27,21,22,23,24,25,26,27,21,22,23,24,25,26,27,21,22,23,10,-1,-1,-1,-1,-1,-1,-1,-1,-1,-1,-1,-1,-1,-1,-1,-1,-1,-1,-1,-1,-1,-1,-1,-1,-1,-1,-1,-1,-1,-1,-1,-1,-1,-1,-1,-1,-1,-1,-1,-1,-1,-1,-1,-1,-1,-1,-1,-1,-1,-1,-1,-1,-1,-1,-1,-1,-1,-1,-1,-1,-1,-1,-1,-1,-1,-1,-1,-1,-1,-1,-1,-1,-1,-1,-1,-1,-1,-1,-1,-1,-1,-1,-1,-1,-1,-1,-1,-1,-1,-1,-1,-1,-1,-1,-1,-1,-1,-1,-1,-1,-1,-1,-1,-1,-1,-1,-1,-1,-1,-1,-1,10,0,14,7,42,43,44,45,46,47,48,42,43,44,45,46,47,48,42,43,44,45,46,47,48,42,43,44,45,46,47,48,42,43,44,45,46,47,48,42,43,44,45,46,47,48,42,43,44,45,46,47,48
34,28,29,30,31,32,33,34,28,29,30,31,32,33,34,28,29,30,31,32,33,34,28,29,30,31,32,33,34,28,29,30,31,32,33,34,28,29,30,31,32,33,34,28,29,30,31,32,33,34,28,29,30,31,32,33,34,28,29,30,10,-1,-1,-1,-1,-1,-1,-1,-1,-1,-1,-1,-1,-1,-1,-1,-1,-1,-1,-1,-1,-1,-1,-1,-1,-1,-1,-1,-1,-1,-1,-1,-1,-1,-1,-1,-1,-1,-1,-1,-1,-1,-1,-1,-1,-1,-1,-1,-1,-1,-1,-1,-1,-1,-1,-1,-1,-1,-1,-1,-1,-1,-1,-1,-1,-1,-1,-1,-1,-1,-1,-1,-1,-1,-1,-1,-1,-1,-1,-1,-1,-1,-1,-1,-1,-1,-1,-1,-1,-1,-1,-1,-1,-1,-1,-1,-1,-1,-1,-1,-1,-1,-1,-1,-1,-1,-1,-1,-1,-1,-1,-1,10,0,21,14,0,1,2,3,4,5,6,0,1,2,3,4,5,6,0,1,2,3,4,5,6,0,1,2,3,4,5,6,0,1,2,3,4,5,6,0,1,2,3,4,5,6,0,1,2,3,4,5,6
41,35,36,37,38,39,40,41,35,36,37,38,39,40,41,35,36,37,38,39,40,41,35,36,37,38,39,40,41,35,36,37,38,39,40,41,35,36,37,38,39,40,41,35,36,37,38,39,40,41,35,36,37,38,39,40,41,35,36,37,10,-1,-1,-1,-1,-1,-1,-1,-1,-1,-1,-1,-1,-1,-1,-1,-1,-1,-1,-1,-1,-1,-1,-1,-1,-1,-1,-1,-1,-1,-1,-1,-1,-1,-1,-1,-1,-1,-1,-1,-1,-1,-1,-1,-1,-1,-1,-1,-1,-1,-1,-1,-1,-1,-1,-1,-1,-1,-1,-1,-1,-1,-1,-1,-1,-1,-1,-1,-1,-1,-1,-1,-1,-1,-1,-1,-1,-1,-1,-1,-1,-1,-1,-1,-1,-1,-1,-1,-1,-1,-1,-1,-1,-1,-1,-1,-1,-1,-1,-1,-1,-1,-1,-1,-1,-1,-1,-1,-1,-1,10,-1,0,7,28,21,7,8,9,10,11,12,13,7,8,9,10,11,12,13,7,8,9,10,11,12,13,7,8,9,10,11,12,13,7,8,9,10,11,12,13,7,8,9,10,11,12,13,7,8,9,10,11,12,13
48,42,43,44,45,46,47,48,42,43,44,45,46,47,48,42,43,44,45,46,47,48,42,43,44,45,46,47,48,42,43,44,45,46,47,48,42,43,44,45,46,47,48,42,43,44,45,46,47,48,42,43,44,45,46,47,48,42,43,44,10,-1,-1,-1,-1,-1,-1,-1,-1,-1,-1,-1,-1,-1,-1,-1,-1,-1,-1,-1,-1,-1,-1,-1,-1,-1,-1,-1,-1,-1,-1,-1,-1,-1,-1,-1,-1,-1,-1,-1,-1,-1,-1,-1,-1,-1,-1,-1,-1,-1,-1,-1,-1,-1,-1,-1,-1,-1,-1,-1,-1,-1,-1,-1,-1,-1,-1,-1,-1,-1,-1,-1,-1,-1,-1,-1,-1,-1,-1,-1,-1,-1,-1,-1,-1,-1,-1,-1,-1,-1,-1,-1,-1,-1,-1,-1,-1,-1,-1,-1,-1,-1,-1,-1,-1,-1,-1,-1,-1,10,0,-1,0,14,35,28,14,15,16,17,18,19,20,14,15,16,17,18,19,20,14,15,16,17,18,19,20,14,15,16,17,18,19,20,14,15,16,17,18,19,20,14,15,16,17,18,19,20,14,15,16,17,18,19,20
6,0,1,2,3,4,5,6,0,1,2,3,4,5,6,0,1,2,3,4,5,6,0,1,2,3,4,5,6,0,1,2,3,4,5,6,0,1,2,3,4,5,6,0,1,2,3,4,5,6,0,1,2,3,4,5,6,0,1,2,10,-1,-1,-1,-1,-1,-1,-1,-1,-1,-1,-1,-1,-1,-1,-1,-1,-1,-1,-1,-1,-1,-1,-1,-1,-1,-1,-1,-1,-1,-1,-1,-1,-1,-1,-1,-1,-1,-1,-1,-1,-1,-1,-1,-1,-1,-1,-1,-1,-1,-1,-1,-1,-1,-1,-1,-1,-1,-1,-1,-1,-1,-1,-1,-1,-1,-1,-1,-1,-1,-1,-1,-1,-1,-1,-1,-1,-1,-1,-1,-1,-1,-1,-1,-1,-1,-1,-1,-1,-1,-1,-1,-1,-1,-1,-1,-1,-1,-1,-1,-1,-1,-1,-1,-1,-1,-1,-1,-1,10,0,0,0,21,42,35,21,22,23,24,25,26,27,21,22,23,24,25,26,27,21,22,23,24,25,26,27,21,22,23,24,25,26,27,21,22,23,24,25,26,27,21,22,23,24,25,26,27,21,22,23,24,25,26,27
13,7,8,9,10,11,12,13,7,8,9,10,11,12,13,7,8,9,10,11,12,13,7,8,9,10,11,12,13,7,8,9,10,11,12,13,7,8,9,10,11,12,13,7,8,9,10,11,12,13,7,8,9,10,11,12,13,7,8,9,10,-1,-1,-1,-1,-1,-1,-1,-1,-1,-1,-1,-1,-1,-1,-1,-1,-1,-1,-1,-1,-1,-1,-1,-1,-1,-1,-1,-1,-1,-1,-1,-1,-1,-1,-1,-1,-1,-1,-1,-1,-1,-1,-1,-1,-1,-1,-1,-1,-1,-1,-1,-1,-1,-1,-1,-1,-1,-1,-1,-1,-1,-1,-1,-1,-1,-1,-1,-1,-1,-1,-1,-1,-1,-1,-1,-1,-1,-1,-1,-1,-1,-1,-1,-1,-1,-1,-1,-1,-1,-1,-1,-1,-1,-1,-1,-1,-1,-1,-1,-1,-1,-1,-1,-1,-1,-1,-1,-1,10,0,1,7,28,0,42,28,29,30,31,32,33,34,28,29,30,31,32,33,34,28,29,30,31,32,33,34,28,29,30,31,32,33,34,28,29,30,31,32,33,34,28,29,30,31,32,33,34,28,29,30,31,32,33,34
20,14,15,16,17,18,19,20,14,15,16,17,18,19,20,14,15,16,17,18,19,20,14,15,16,17,18,19,20,14,15,16,17,18,19,20,14,15,16,17,18,19,20,14,15,16,17,18,19,20,14,15,16,17,18,19,20,14,15,16,10,-1,-1,-1,-1,-1,-1,-1,-1,-1,-1,-1,-1,-1,-1,-1,-1,-1,-1,-1,-1,-1,-1,-1,-1,-1,-1,-1,-1,-1,-1,-1,-1,-1,-1,-1,-1,-1,-1,-1,-1,-1,-1,-1,-1,-1,-1,-1,-1,-1,-1,-1,-1,-1,-1,-1,-1,-1,-1,-1,-1,-1,-1,-1,-1,-1,-1,-1,-1,-1,-1,-1,-1,-1,-1,-1,-1,-1,-1,-1,-1,-1,-1,-1,-1,-1,-1,-1,-1,-1,-1,-1,-1,-1,-1,-1,-1,-1,-1,-1,-1,-1,-1,-1,-1,-1,-1,-1,-1,10,7,8,14,35,7,0,35,36,37,38,39,40,41,35,36,37,38,39,40,41,35,36,37,38,39,40,41,35,36,37,38,39,40,41,35,36,37,38,39,40,41,35,36,37,38,39,40,41,35,36,37,38,39,40,41
27,21,22,23,24,25,26,27,21,22,23,24,25,26,27,21,22,23,24,25,26,27,21,22,23,24,25,26,27,21,22,23,24,25,26,27,21,22,23,24,25,26,27,21,22,23,24,25,26,27,21,22,23,24,25,26,27,21,22,23,10,-1,-1,-1,-1,-1,-1,-1,-1,-1,-1,-1,-1,-1,-1,-1,-1,-1,-1,-1,-1,-1,-1,-1,-1,-1,-1,-1,-1,-1,-1,-1,-1,-1,-1,-1,-1,-1,-1,-1,-1,-1,-1,-1,-1,-1,-1,-1,-1,-1,-1,-1,-1,-1,-1,-1,-1,-1,-1,-1,-1,-1,-1,-1,-1,-1,-1,-1,-1,-1,-1,-1,-1,-1,-1,-1,-1,-1,-1,-1,-1,-1,-1,-1,-1,-1,-1,-1,-1,-1,-1,-1,-1,-1,-1,-1,-1,-1,-1,-1,-1,-1,-1,-1,-1,-1,-1,-1,-1,10,14,15,21,42,14,7,42,43,44,45,46,47,48,42,43,44,45,46,47,48,42,43,44,45,46,47,48,42,43,44,45,46,47,48,42,43,44,45,46,47,48,42,43,44,45,46,47,48,42,43,44,45,46,47,48
34,28,29,30,31,32,33,34,28,29,30,31,32,33,34,28,29,30,31,32,33,34,28,29,30,31,32,33,34,28,29,30,31,32,33,34,28,29,30,31,32,33,34,28,29,30,31,32,33,34,28,29,30,31,32,33,34,28,29,30,10,-1,-1,-1,-1,-1,-1,-1,-1,-1,-1,-1,-1,-1,-1,-1,-1,-1,-1,-1,-1,-1,-1,-1,-1,-1,-1,-1,-1,-1,-1,-1,-1,-1,-1,-1,-1,-1,-1,-1,-1,-1,-1,-1,-1,-1,-1,-1,-1,-1,-1,-1,-1,-1,-1,-1,-1,-1,-1,-1,-1,-1,-1,-1,-1,-1,-1,-1,-1,-1,-1,-1,-1,-1,-1,-1,-1,-1,-1,-1,-1,-1,-1,-1,-1,-1,-1,-1,-1,-1,-1,-1,-1,-1,-1,-1,-1,-1,-1,-1,-1,-1,-1,-1,-1,-1,-1,-1,-1,10,21,22,28,0,21,14,0,1,2,3,4,5,6,0,1,2,3,4,5,6,0,1,2,3,4,5,6,0,1,2,3,4,5,6,0,1,2,3,4,5,6,0,1,2,3,4,5,6,0,1,2,3,4,5,6
41,35,36,37,38,39,40,41,35,36,37,38,39,40,41,35,36,37,38,39,40,41,35,36,37,38,39,40,41,35,36,37,38,39,40,41,35,36,37,38,39,40,41,35,36,37,38,39,40,41,35,36,37,38,39,40,41,35,36,37,10,-1,-1,-1,-1,-1,-1,-1,-1,-1,-1,-1,-1,-1,-1,-1,-1,-1,-1,-1,-1,-1,-1,-1,-1,-1,-1,-1,-1,-1,-1,-1,-1,-1,-1,-1,-1,-1,-1,-1,-1,-1,-1,-1,-1,-1,-1,-1,-1,-1,-1,-1,-1,-1,-1,-1,-1,-1,-1,-1,-1,-1,-1,-1,-1,-1,-1,-1,-1,-1,-1,-1,-1,-1,-1,-1,-1,-1,-1,-1,-1,-1,-1,-1,-1,-1,-1,-1,-1,-1,-1,-1,-1,-1,-1,-1,-1,-1,-1,-1,-1,-1,-1,-1,-1,-1,-1,-1,-1,-1,10,0,35,7,28,21,7,8,9,10,11,12,13,7,8,9,10,11,12,13,7,8,9,10,11,12,13,7,8,9,10,11,12,13,7,8,9,10,11,12,13,7,8,9,10,11,12,13,7,8,9,10,11,12,13
48,42,43,44,45,46,47,48,42,43,44,45,46,47,48,42,43,44,45,46,47,48,42,43,44,45,46,47,48,42,43,44,45,46,47,48,42,43,44,45,46,47,48,42,43,44,45,46,47,48,42,43,44,45,46,47,48,42,43,44,10,-1,-1,-1,-1,-1,-1,-1,-1,-1,-1,-1,-1,-1,-1,-1,-1,-1,-1,-1,-1,-1,-1,-1,-1,-1,-1,-1,-1,-1,-1,-1,-1,-1,-1,-1,-1,-1,-1,-1,-1,-1,-1,-1,-1,-1,-1,-1,-1,-1,-1,-1,-1,-1,-1,-1,-1,-1,-1,-1,-1,-1,-1,-1,-1,-1,-1,-1,-1,-1,-1,-1,-1,-1,-1,-1,-1,-1,-1,-1,-1,-1,-1,-1,-1,-1,-1,-1,-1,-1,-1,-1,-1,-1,-1,-1,-1,-1,-1,-1,-1,-1,-1,-1,-1,-1,-1,-1,-1,-1,-1,10,42,14,35,28,14,15,16,17,18,19,20,14,15,16,17,18,19,20,14,15,16,17,18,19,20,14,15,16,17,18,19,20,14,15,16,17,18,19,20,14,15,16,17,18,19,20,14,15,16,17,18,19,20
6,0,1,2,3,4,5,6,0,1,2,3,4,5,6,0,1,2,3,4,5,6,0,1,2,3,4,5,6,0,1,2,3,4,5,6,0,1,2,3,4,5,6,0,1,2,3,4,5,6,0,1,2,3,4,5,6,0,1,2,10,-1,-1,-1,-1,-1,-1,-1,-1,-1,-1,-1,-1,-1,-1,-1,-1,-1,-1,-1,-1,-1,-1,-1,-1,-1,-1,-1,-1,-1,-1,-1,-1,-1,-1,-1,-1,-1,-1,-1,-1,-1,-1,-1,-1,-1,-1,-1,-1,-1,-1,-1,-1,-1,-1,-1,-1,-1,-1,-1,-1,-1,-1,-1,-1,-1,-1,-1,-1,-1,-1,-1,-1,-1,-1,-1,-1,-1,-1,-1,-1,-1,-1,-1,-1,-1,-1,-1,-1,-1,-1,-1,-1,-1,-1,-1,-1,-1,-1,-1,-1,-1,-1,-1,-1,-1,-1,-1,-1,-1,-1,10,0,21,42,35,21,22,23,24,25,26,27,21,22,23,24,25,26,27,21,22,23,24,25,26,27,21,22,23,24,25,26,27,21,22,23,24,25,26,27,21,22,23,24,25,26,27,21,22,23,24,25,26,27
13,7,8,9,10,11,12,13,7,8,9,10,11,12,13,7,8,9,10,11,12,13,7,8,9,10,11,12,13,7,8,9,10,11,12,13,7,8,9,10,11,12,13,7,8,9,10,11,12,13,7,8,9,10,11,12,13,7,8,0,0,10,-1,-1,-1,-1,-1,-1,-1,-1,-1,-1,-1,-1,-1,-1,-1,-1,-1,-1,-1,-1,-1,-1,-1,-1,-1,-1,-1,-1,-1,-1,-1,-1,-1,-1,-1,-1,-1,-1,-1,-1,-1,-1,-1,-1,-1,-1,-1,-1,-1,-1,-1,-1,-1,-1,-1,-1,-1,-1,-1,-1,-1,-1,-1,-1,-1,-1,-1,-1,-1,-1,-1,-1,-1,-1,-1,-1,-1,-1,-1,-1,-1,-1,-1,-1,-1,-1,-1,-1,-1,-1,-1,-1,-1,-1,-1,-1,-1,-1,-1,-1,-1,-1,-1,-1,-1,-1,-1,-1,-1,10,7,28,0,42,28,29,30,31,32,33,34,28,29,30,31,32,33,34,28,29,30,31,32,33,34,28,29,30,31,32,33,34,28,29,30,31,32,33,34,28,29,30,31,32,33,34,28,29,30,31,32,33,34
20,14,15,16,17,18,19,20,14,15,16,17,18,19,20,14,15,16,17,18,19,20,14,15,16,17,18,19,20,14,15,16,17,18,19,20,14,15,16,17,18,19,20,14,15,16,17,18,19,20,14,15,16,17,18,19,20,14,15,16,0,66,10,10,-1,-1,-1,-1,-1,-1,-1,-1,-1,-1,-1,-1,-1,-1,-1,-1,-1,-1,-1,-1,-1,-1,-1,-1,-1,-1,-1,-1,-1,-1,-1,-1,-1,-1,-1,-1,-1,-1,-1,-1,-1,-1,-1,-1,-1,-1,-1,-1,-1,-1,-1,-1,-1,-1,-1,-1,-1,-1,-1,-1,-1,-1,-1,-1,-1,-1,-1,-1,-1,-1,-1,-1,-1,-1,-1,-1,-1,-1,-1,-1,-1,-1,-1,-1,-1,-1,-1,-1,-1,-1,-1,-1,-1,-1,-1,-1,-1,-1,-1,-1,-1,-1,-1,-1,-1,-1,-1,10,14,35,7,0,35,36,37,38,39,40,41,35,36,37,38,39,40,41,35,36,37,38,39,40,41,35,36,37,38,39,40,41,35,36,37,38,39,40,41,35,36,37,38,39,40,41,35,36,37,38,39,40,41
27,21,22,23,24,25,26,27,21,22,23,24,25,26,27,21,22,23,24,25,26,27,21,22,23,24,25,26,27,21,22,23,24,25,26,27,21,22,23,24,25,26,27,21,22,23,24,25,26,27,21,22,23,24,25,26,27,21,22,23,0,0,66,-1,10,-1,-1,-1,-1,-1,-1,-1,-1,-1,-1,-1,-1,-1,-1,-1,-1,-1,-1,-1,-1,-1,-1,-1,-1,-1,-1,-1,-1,-1,-1,-1,-1,-1,-1,-1,-1,-1,-1,-1,-1,-1,-1,-1,-1,-1,-1,-1,-1,-1,-1,-1,-1,-1,-1,-1,-1,-1,-1,-1,-1,-1,-1,-1,-1,-1,-1,-1,-1,-1,-1,-1,-1,-1,-1,-1,-1,-1,-1,-1,-1,-1,-1,-1,-1,-1,-1,-1,-1,-1,-1,-1,-1,-1,-1,-1,-1,-1,-1,-1,-1,-1,-1,-1,-1,-1,10,-1,21,42,14,7,42,43,44,45,46,47,48,42,43,44,45,46,47,48,42,43,44,45,46,47,48,42,43,44,45,46,47,48,42,43,44,45,46,47,48,42,43,44,45,46,47,48,42,43,44,45,46,47,48
34,28,29,30,31,32,33,34,28,29,30,31,32,33,34,28,29,30,31,32,33,34,28,29,30,31,32,33,34,28,29,30,31,32,33,34,28,29,30,31,32,33,34,28,29,30,31,32,33,34,28,29,30,31,32,33,34,28,29,30,7,0,0,0,1,10,10,-1,-1,-1,-1,-1,-1,-1,-1,-1,-1,-1,-1,-1,-1,-1,-1,-1,-1,-1,-1,-1,-1,-1,-1,-1,-1,-1,-1,-1,-1,-1,-1,-1,-1,-1,-1,-1,-1,-1,-1,-1,-1,-1,-1,-1,-1,-1,-1,-1,-1,-1,-1,-1,-1,-1,-1,-1,-1,-1,-1,-1,-1,-1,-1,-1,-1,-1,-1,-1,-1,-1,-1,-1,-1,-1,-1,-1,-1,-1,-1,-1,-1,-1,-1,-1,-1,-1,-1,-1,-1,-1,-1,-1,-1,-1,-1,-1,-1,-1,-1,-1,-1,10,66,66,28,0,21,14,0,1,2,3,4,5,6,0,1,2,3,4,5,6,0,1,2,3,4,5,6,0,1,2,3,4,5,6,0,1,2,3,4,5,6,0,1,2,3,4,5,6,0,1,2,3,4,5,6
41,35,36,37,38,39,40,41,35,36,37,38,39,40,41,35,36,37,38,39,40,41,35,36,37,38,39,40,41,35,36,37,38,39,40,41,35,36,37,38,39,40,41,35,36,37,38,39,40,41,35,36,37,38,39,40,41,35,36,37,14,7,7,7,8,66,10,-1,-1,-1,-1,-1,-1,-1,-1,-1,-1,-1,-1,-1,-1,-1,-1,-1,-1,-1,-1,-1,-1,-1,-1,-1,-1,-1,-1,-1,-1,-1,-1,-1,-1,-1,-1,-1,-1,-1,-1,-1,-1,-1,-1,-1,-1,-1,-1,-1,-1,-1,-1,-1,-1,-1,-1,-1,-1,-1,-1,-1,-1,-1,-1,-1,-1,-1,-1,-1,-1,-1,-1,-1,-1,-1,-1,-1,-1,-1,-1,-1,-1,-1,-1,-1,-1,-1,-1,-1,-1,-1,-1,-1,-1,-1,-1,-1,-1,-1,-1,-1,-1,10,0,0,35,7,28,21,7,8,9,10,11,12,13,7,8,9,10,11,12,13,7,8,9,10,11,12,13,7,8,9,10,11,12,13,7,8,9,10,11,12,13,7,8,9,10,11,12,13,7,8,9,10,11,12,13
48,42,43,44,45,46,47,48,42,43,44,45,46,47,48,42,43,44,45,46,47,48,42,43,44,45,46,47,48,42,43,44,45,46,47,48,42,43,44,45,46,47,48,42,43,44,45,46,47,48,42,43,44,45,46,47,48,42,43,44,21,14,0,1,0,1,2,10,-1,-1,-1,-1,-1,-1,-1,-1,-1,-1,-1,-1,-1,-1,-1,-1,-1,-1,-1,-1,-1,-1,-1,-1,-1,-1,-1,-1,-1,-1,-1,-1,-1,-1,-1,-1,-1,-1,-1,-1,-1,-1,-1,-1,-1,-1,-1,-1,-1,-1,-1,-1,-1,-1,-1,-1,-1,-1,-1,-1,-1,-1,-1,-1,-1,-1,-1,-1,-1,-1,-1,-1,-1,-1,-1,-1,-1,-1,-1,-1,-1,-1,-1,-1,-1,-1,-1,-1,-1,-1,-1,-1,-1,-1,-1,-1,-1,-1,-1,-1,10,0,0,1,42,14,35,28,14,15,16,17,18,19,20,14,15,16,17,18,19,20,14,15,16,17,18,19,20,14,15,16,17,18,19,20,14,15,16,17,18,19,20,14,15,16,17,18,19,20,14,15,16,17,18,19,20
6,0,1,2,3,4,5,6,0,1,2,3,4,5,6,0,1,2,3,4,5,6,0,1,2,3,4,5,6,0,1,2,3,4,5,6,0,1,2,3,4,5,6,0,1,2,3,4,5,6,0,1,2,3,4,5,6,0,1,2,28,21,7,8,7,8,9,66,10,-1,-1,-1,-1,-1,-1,-1,-1,-1,-1,-1,-1,-1,-1,-1,-1,-1,-1,-1,-1,-1,-1,-1,-1,-1,-1,-1,-1,-1,-1,-1,-1,-1,-1,-1,-1,-1,-1,-1,-1,-1,-1,-1,-1,-1,-1,-1,-1,-1,-1,-1,-1,-1,-1,-1,-1,-1,-1,-1,-1,-1,-1,-1,-1,-1,-1,-1,-1,-1,-1,-1,-1,-1,-1,-1,-1,-1,-1,-1,-1,-1,-1,-1,-1,-1,-1,-1,-1,-1,-1,-1,-1,-1,-1,-1,-1,-1,-1,10,66,0,7,8,0,21,42,35,21,22,23,24,25,26,27,21,22,23,24,25,26,27,21,22,23,24,25,26,27,21,22,23,24,25,26,27,21,22,23,24,25,26,27,21,22,23,24,25,26,27,21,22,23,24,25,26,27
13,7,8,9,10,11,12,13,7,8,9,10,11,12,13,7,8,9,10,11,12,13,7,8,9,10,11,12,13,7,8,9,10,11,12,13,7,8,9,10,11,12,13,7,8,9,10,11,12,13,7,8,9,10,11,12,13,7,8,9,35,28,14,15,7,8,0,0,1,10,-1,-1,-1,-1,-1,-1,-1,-1,-1,-1,-1,-1,-1,-1,-1,-1,-1,-1,-1,-1,-1,-1,-1,-1,-1,-1,-1,-1,-1,-1,-1,-1,-1,-1,-1,-1,-1,-1,-1,-1,-1,-1,-1,-1,-1,-1,-1,-1,-1,-1,-1,-1,-1,-1,-1,-1,-1,-1,-1,-1,-1,-1,-1,-1,-1,-1,-1,-1,-1,-1,-1,-1,-1,-1,-1,-1,-1,-1,-1,-1,-1,-1,-1,-1,-1,-1,-1,-1,-1,-1,-1,-1,-1,-1,-1,-1,10,66,0,0,1,2,7,28,0,42,28,29,30,31,32,33,34,28,29,30,31,32,33,34,28,29,30,31,32,33,34,28,29,30,31,32,33,34,28,29,30,31,32,33,34,28,29,30,31,32,33,34,28,29,30,31,32,33,34
20,14,15,16,17,18,19,20,14,15,16,17,18,19,20,14,15,16,17,18,19,20,14,15,16,17,18,19,20,14,15,16,17,18,19,20,14,15,16,17,18,19,20,14,15,16,17,18,19,20,14,15,16,17,18,19,20,14,15,16,42,35,21,22,14,15,0,7,8,10,-1,-1,-1,-1,-1,-1,-1,-1,-1,-1,-1,-1,-1,-1,-1,-1,-1,-1,-1,-1,-1,-1,-1,-1,-1,-1,-1,-1,-1,-1,-1,-1,-1,-1,-1,-1,-1,-1,-1,-1,-1,-1,-1,-1,-1,-1,-1,-1,-1,-1,-1,-1,-1,-1,-1,-1,-1,-1,-1,-1,-1,-1,-1,-1,-1,-1,-1,-1,-1,-1,-1,-1,-1,-1,-1,-1,-1,-1,-1,-1,-1,-1,-1,-1,-1,-1,-1,-1,-1,-1,-1,-1,-1,-1,-1,-1,10,0,0,1,2,3,4,35,7,0,35,36,37,38,39,40,41,35,36,37,38,39,40,41,35,36,37,38,39,40,41,35,36,37,38,39,40,41,35,36,37,38,39,40,41,35,36,37,38,39,40,41,35,36,37,38,39,40,41
27,21,22,23,24,25,26,27,21,22,23,24,25,26,27,21,22,23,24,25,26,27,21,22,23,24,25,26,27,21,22,23,24,25,26,27,21,22,23,24,25,26,27,21,22,23,24,25,26,27,21,22,23,24,25,26,27,21,22,23,0,42,28,29,21,22,0,1,2,10,-1,-1,-1,-1,-1,-1,-1,-1,-1,-1,-1,-1,-1,-1,-1,-1,-1,-1,-1,-1,-1,-1,-1,-1,-1,-1,-1,-1,-1,-1,-1,-1,-1,-1,-1,-1,-1,-1,-1,-1,-1,-1,-1,-1,-1,-1,-1,-1,-1,-1,-1,-1,-1,-1,-1,-1,-1,-1,-1,-1,-1,-1,-1,-1,-1,-1,-1,-1,-1,-1,-1,-1,-1,-1,-1,-1,-1,-1,-1,-1,-1,-1,-1,-1,-1,-1,-1,-1,-1,-1,-1,-1,-1,-1,-1,10,-1,0,1,2,3,4,5,42,14,7,42,43,44,45,46,47,48,42,43,44,45,46,47,48,42,43,44,45,46,47,48,42,43,44,45,46,47,48,42,43,44,45,46,47,48,42,43,44,45,46,47,48,42,43,44,45,46,47,48
34,28,29,30,31,32,33,34,28,29,30,31,32,33,34,28,29,30,31,32,33,34,28,29,30,31,32,33,34,28,29,30,31,32,33,34,28,29,30,31,32,33,34,28,29,30,31,32,33,34,28,29,30,31,32,33,34,28,29,30,7,0,35,36,28,29,7,8,9,0,-1,-1,10,-1,-1,-1,-1,-1,-1,-1,-1,-1,-1,-1,-1,-1,-1,-1,-1,-1,-1,-1,-1,-1,-1,-1,-1,-1,-1,-1,-1,-1,-1,-1,-1,-1,-1,-1,-1,-1,-1,-1,-1,-1,-1,-1,-1,-1,-1,-1,-1,-1,-1,-1,-1,-1,-1,-1,-1,-1,-1,-1,-1,-1,-1,-1,-1,-1,-1,-1,-1,-1,-1,-1,-1,-1,-1,-1,-1,-1,-1,-1,-1,-1,-1,-1,-1,-1,-1,-1,-1,-1,-1,-1,10,66,0,7,8,9,10,11,12,0,21,14,0,1,2,3,4,5,6,0,1,2,3,4,5,6,0,1,2,3,4,5,6,0,1,2,3,4,5,6,0,1,2,3,4,5,6,0,1,2,3,4,5,6,0,1,2,3,4,5,6
41,35,36,37,38,39,40,41,35,36,37,38,39,40,41,35,36,37,38,39,40,41,35,36,37,38,39,40,41,35,36,37,38,39,40,41,35,36,37,38,39,40,41,35,36,37,38,39,40,41,35,36,37,38,39,40,41,35,36,37,14,7,42,43,35,36,14,15,16,0,-1,-1,66,-1,10,-1,-1,-1,-1,-1,-1,-1,-1,-1,-1,-1,-1,-1,-1,-1,-1,-1,-1,-1,-1,-1,-1,-1,-1,-1,-1,-1,-1,-1,-1,-1,-1,-1,-1,-1,-1,-1,-1,-1,-1,-1,-1,-1,-1,-1,-1,-1,-1,-1,-1,-1,-1,-1,-1,-1,-1,-1,-1,-1,-1,-1,-1,-1,-1,-1,-1,-1,-1,-1,-1,-1,-1,-1,-1,-1,-1,-1,-1,-1,-1,-1,-1,-1,-1,-1,-1,-1,-1,-1,10,0,0,1,15,16,17,18,19,7,28,21,7,8,9,10,11,12,13,7,8,9,10,11,12,13,7,8,9,10,11,12,13,7,8,9,10,11,12,13,7,8,9,10,11,12,13,7,8,9,10,11,12,13,7,8,9,10,11,12,13
48,42,43,44,45,46,47,48,42,43,44,45,46,47,48,42,43,44,45,46,47,48,42,43,44,45,46,47,48,42,43,44,45,46,47,48,42,43,44,45,46,47,48,42,43,44,45,46,47,48,42,43,44,45,46,47,48,42,43,44,21,14,0,1,42,43,21,22,23,0,1,2,0,-1,10,-1,-1,-1,-1,-1,-1,-1,-1,-1,-1,-1,-1,-1,-1,-1,-1,-1,-1,-1,-1,-1,-1,-1,-1,-1,-1,-1,-1,-1,-1,-1,-1,-1,-1,-1,-1,-1,-1,-1,-1,-1,-1,-1,-1,-1,-1,-1,-1,-1,-1,-1,-1,-1,-1,-1,-1,-1,-1,-1,-1,-1,-1,-1,-1,-1,-1,-1,-1,-1,-1,-1,-1,-1,-1,-1,-1,-1,-1,-1,-1,-1,-1,-1,-1,-1,-1,-1,-1,10,10,0,7,8,22,23,24,25,26,14,35,28,14,15,16,17,18,19,20,14,15,16,17,18,19,20,14,15,16,17,18,19,20,14,15,16,17,18,19,20,14,15,16,17,18,19,20,14,15,16,17,18,19,20,14,15,16,17,18,19,20
6,0,1,2,3,4,5,6,0,1,2,3,4,5,6,0,1,2,3,4,5,6,0,1,2,3,4,5,6,0,1,2,3,4,5,6,0,1,2,3,4,5,6,0,1,2,3,4,5,6,0,1,2,3,4,5,6,0,1,2,28,21,7,8,0,1,28,29,30,7,8,9,0,1,0,10,-1,-1,-1,-1,-1,-1,-1,-1,-1,-1,-1,-1,-1,-1,-1,-1,-1,-1,-1,-1,-1,-1,-1,-1,-1,-1,-1,-1,-1,-1,-1,-1,-1,-1,-1,-1,-1,-1,-1,-1,-1,-1,-1,-1,-1,-1,-1,-1,-1,-1,-1,-1,-1,-1,-1,-1,-1,-1,-1,-1,-1,-1,-1,-1,-1,-1,-1,-1,-1,-1,-1,-1,-1,-1,-1,-1,-1,-1,-1,-1,-1,-1,-1,-1,-1,-1,-1,10,0,7,14,15,29,30,31,32,33,21,42,35,21,22,23,24,25,26,27,21,22,23,24,25,26,27,21,22,23,24,25,26,27,21,22,23,24,25,26,27,21,22,23,24,25,26,27,21,22,23,24,25,26,27,21,22,23,24,25,26,27
13,7,8,9,10,11,12,13,7,8,9,10,11,12,13,7,8,9,10,11,12,13,7,8,9,10,11,12,13,7,8,9,10,11,12,13,7,8,9,10,11,12,13,7,8,9,10,11,12,13,7,8,9,10,11,12,13,7,8,9,35,28,14,15,7,8,35,36,37,14,15,16,7,8,0,1,10,-1,-1,-1,-1,-1,-1,-1,-1,-1,-1,-1,-1,-1,-1,-1,-1,-1,-1,-1,-1,-1,-1,-1,-1,-1,-1,-1,-1,-1,-1,-1,-1,-1,-1,-1,-1,-1,-1,-1,-1,-1,-1,-1,-1,-1,-1,-1,-1,-1,-1,-1,-1,-1,-1,-1,-1,-1,-1,-1,-1,-1,-1,-1,-1,-1,-1,-1,-1,-1,-1,-1,-1,-1,-1,-1,-1,-1,-1,-1,-1,-1,-1,-1,-1,-1,-1,10,0,14,21,22,36,37,38,39,40,28,0,42,28,29,30,31,32,33,34,28,29,30,31,32,33,34,28,29,30,31,32,33,34,28,29,30,31,32,33,34,28,29,30,31,32,33,34,28,29,30,31,32,33,34,28,29,30,31,32,33,34
20,14,15,16,17,18,19,20,14,15,16,17,18,19,20,14,15,16,17,18,19,20,14,15,16,17,18,19,20,14,15,16,17,18,19,20,14,15,16,17,18,19,20,14,15,16,17,18,19,20,14,15,16,17,18,19,20,14,15,16,42,35,21,22,14,15,42,43,44,21,22,23,14,15,7,8,10,-1,-1,-1,-1,-1,-1,-1,-1,-1,-1,-1,-1,-1,-1,-1,-1,-1,-1,-1,-1,-1,-1,-1,-1,-1,-1,-1,-1,-1,-1,-1,-1,-1,-1,-1,-1,-1,-1,-1,-1,-1,-1,-1,-1,-1,-1,-1,-1,-1,-1,-1,-1,-1,-1,-1,-1,-1,-1,-1,-1,10,-1,-1,-1,-1,-1,10,-1,-1,-1,-1,-1,-1,-1,-1,-1,-1,-1,-1,-1,-1,-1,-1,-1,-1,10,0,1,21,28,29,43,44,45,46,47,35,7,0,35,36,37,38,39,40,41,35,36,37,38,39,40,41,35,36,37,38,39,40,41,35,36,37,38,39,40,41,35,36,37,38,39,40,41,35,36,37,38,39,40,41,35,36,37,38,39,40,41
27,21,22,23,24,25,26,27,21,22,23,24,25,26,27,21,22,23,24,25,26,27,21,22,23,24,25,26,27,21,22,23,24,25,26,27,21,22,23,24,25,26,27,21,22,23,24,25,26,27,21,22,23,24,25,26,27,21,22,23,0,42,28,29,21,22,0,1,2,28,29,30,21,22,0,1,0,10,-1,-1,-1,-1,-1,-1,-1,-1,-1,-1,-1,-1,-1,-1,-1,-1,-1,-1,-1,-1,-1,-1,-1,-1,-1,-1,-1,-1,-1,-1,-1,-1,-1,-1,-1,-1,-1,-1,-1,-1,-1,-1,-1,-1,-1,-1,-1,-1,-1,-1,-1,-1,-1,-1,-1,-1,-1,10,-1,66,66,-1,-1,-1,66,66,-1,-1,-1,10,-1,-1,-1,-1,-1,-1,-1,-1,-1,-1,-1,-1,10,10,66,7,8,28,35,36,1,2,3,4,5,42,14,7,42,43,44,45,46,47,48,42,43,44,45,46,47,48,42,43,44,45,46,47,48,42,43,44,45,46,47,48,42,43,44,45,46,47,48,42,43,44,45,46,47,48,42,43,44,45,46,47,48
34,28,29,30,31,32,33,34,28,29,30,31,32,33,34,28,29,30,31,32,33,34,28,29,30,31,32,33,34,28,29,30,31,32,33,34,28,29,30,31,32,33,34,28,29,30,31,32,33,34,28,29,30,31,32,33,34,28,29,30,7,0,35,36,28,29,7,8,9,35,36,37,28,29,7,8,0,66,10,-1,-1,-1,-1,-1,-1,-1,-1,-1,-1,-1,-1,-1,-1,-1,-1,-1,-1,-1,-1,-1,-1,-1,-1,-1,-1,-1,-1,-1,-1,-1,-1,-1,-1,-1,-1,-1,-1,-1,-1,-1,-1,-1,-1,-1,-1,-1,-1,-1,-1,-1,-1,-1,-1,-1,-1,10,-1,0,0,1,2,3,4,5,-1,-1,-1,66,-1,10,-1,-1,-1,-1,-1,-1,-1,-1,-1,-1,10,66,0,0,1,35,42,43,8,9,10,11,12,0,21,14,0,1,2,3,4,5,6,0,1,2,3,4,5,6,0,1,2,3,4,5,6,0,1,2,3,4,5,6,0,1,2,3,4,5,6,0,1,2,3,4,5,6,0,1,2,3,4,5,6
41,35,36,37,38,39,40,41,35,36,37,38,39,40,41,35,36,37,38,39,40,41,35,36,37,38,39,40,41,35,36,37,38,39,40,41,35,36,37,38,39,40,41,35,36,37,38,39,40,41,35,36,37,38,39,40,41,35,36,37,14,7,42,43,35,36,14,15,16,42,43,44,35,36,0,1,7,0,66,-1,10,-1,10,-1,-1,-1,-1,-1,-1,-1,-1,-1,-1,-1,-1,-1,-1,-1,-1,-1,-1,-1,-1,-1,-1,-1,-1,-1,-1,-1,-1,-1,-1,-1,-1,-1,-1,-1,-1,-1,-1,-1,-1,-1,-1,-1,-1,-1,-1,-1,-1,-1,-1,-1,10,0,0,1,2,3,4,5,6,0,1,2,3,4,5,66,-1,-1,10,-1,-1,-1,-1,-1,-1,-1,10,0,0,7,8,42,0,1,15,16,17,18,19,7,28,21,7,8,9,10,11,12,13,7,8,9,10,11,12,13,7,8,9,10,11,12,13,7,8,9,10,11,12,13,7,8,9,10,11,12,13,7,8,9,10,11,12,13,7,8,9,10,11,12,13
48,42,43,44,45,46,47,48,42,43,44,45,46,47,48,42,43,44,45,46,47,48,42,43,44,45,46,47,48,42,43,44,45,46,47,48,42,43,44,45,46,47,48,42,43,44,45,46,47,48,42,43,44,45,46,47,48,42,43,44,21,14,0,1,42,43,21,22,23,0,1,2,42,43,7,8,9,0,0,-1,66,-1,10,10,-1,-1,-1,-1,-1,-1,-1,-1,-1,-1,-1,-1,-1,-1,-1,-1,-1,-1,-1,-1,-1,-1,-1,-1,-1,-1,-1,-1,-1,-1,-1,-1,-1,-1,-1,-1,-1,-1,-1,-1,-1,-1,-1,-1,-1,-1,-1,-1,-1,10,66,0,7,8,9,10,11,12,13,7,8,9,10,11,0,0,-1,-1,66,-1,-1,10,-1,-1,-1,10,-1,0,1,14,15,0,7,8,22,23,24,25,26,14,35,28,14,15,16,17,18,19,20,14,15,16,17,18,19,20,14,15,16,17,18,19,20,14,15,16,17,18,19,20,14,15,16,17,18,19,20,14,15,16,17,18,19,20,14,15,16,17,18,19,20
6,0,1,2,3,4,5,6,0,1,2,3,4,5,6,0,1,2,3,4,5,6,0,1,2,3,4,5,6,0,1,2,3,4,5,6,0,1,2,3,4,5,6,0,1,2,3,4,5,6,0,1,2,3,4,5,6,0,1,2,28,21,7,8,0,1,28,29,30,7,8,9,0,1,14,15,16,0,1,0,0,-1,66,-1,10,-1,-1,-1,-1,-1,-1,-1,-1,-1,-1,-1,-1,-1,-1,-1,-1,-1,-1,-1,-1,-1,-1,-1,-1,-1,-1,-1,-1,-1,-1,-1,-1,-1,-1,-1,-1,-1,-1,-1,-1,-1,-1,-1,-1,-1,-1,-1,10,66,0,1,2,3,4,5,6,0,1,2,3,4,5,6,0,1,2,3,4,-1,66,66,-1,-1,-1,66,0,7,8,21,22,7,14,15,29,30,31,32,33,21,42,35,21,22,23,24,25,26,27,21,22,23,24,25,26,27,21,22,23,24,25,26,27,21,22,23,24,25,26,27,21,22,23,24,25,26,27,21,22,23,24,25,26,27,21,22,23,24,25,26,27
13,7,8,9,10,11,12,13,7,8,9,10,11,12,13,7,8,9,10,11,12,13,7,8,9,10,11,12,13,7,8,9,10,11,12,13,7,8,9,10,11,12,13,7,8,9,10,11,12,13,7,8,9,10,11,12,13,7,8,9,35,28,14,15,7,8,35,36,37,14,15,16,7,8,21,22,23,7,8,9,0,1,0,-1,66,-1,-1,10,-1,-1,-1,-1,-1,-1,-1,-1,-1,-1,-1,-1,-1,-1,-1,-1,-1,-1,-1,-1,-1,-1,-1,-1,-1,-1,-1,-1,-1,-1,-1,-1,-1,-1,-1,-1,-1,-1,-1,-1,-1,-1,10,-1,66,0,7,8,9,10,11,12,13,7,8,9,10,11,12,13,7,8,9,10,11,5,6,0,1,2,3,0,5,14,15,28,29,14,21,22,36,37,38,39,40,28,0,42,28,29,30,31,32,33,34,28,29,30,31,32,33,34,28,29,30,31,32,33,34,28,29,30,31,32,33,34,28,29,30,31,32,33,34,28,29,30,31,32,33,34,28,29,30,31,32,33,34
20,14,15,16,17,18,19,20,14,15,16,17,18,19,20,14,15,16,17,18,19,20,14,15,16,17,18,19,20,14,15,16,17,18,19,20,14,15,16,17,18,19,20,14,15,16,17,18,19,20,14,15,16,17,18,19,20,14,15,16,42,35,21,22,14,15,42,43,44,21,22,23,14,15,28,29,30,14,15,0,1,2,3,4,0,-1,-1,66,10,-1,-1,-1,-1,-1,-1,-1,-1,-1,-1,-1,-1,-1,-1,-1,-1,-1,-1,-1,-1,-1,-1,-1,-1,-1,-1,-1,-1,-1,-1,-1,-1,-1,-1,-1,-1,-1,-1,-1,-1,-1,10,-1,0,0,14,15,16,17,18,19,20,14,15,16,17,18,19,20,14,15,16,17,18,6,0,1,2,3,4,5,6,21,22,35,36,21,28,29,43,44,45,46,47,35,7,0,35,36,37,38,39,40,41,35,36,37,38,39,40,41,35,36,37,38,39,40,41,35,36,37,38,39,40,41,35,36,37,38,39,40,41,35,36,37,38,39,40,41,35,36,37,38,39,40,41
27,21,22,23,24,25,26,27,21,22,23,24,25,26,27,21,22,23,24,25,26,27,21,22,23,24,25,26,27,21,22,23,24,25,26,27,21,22,23,24,25,26,27,21,22,23,24,25,26,27,21,22,23,24,25,26,27,21,22,23,0,42,28,29,21,22,0,1,2,28,29,30,21,22,35,36,37,21,22,0,1,2,3,4,5,6,0,0,66,-1,-1,10,-1,-1,-1,-1,-1,-1,-1,-1,-1,-1,-1,-1,-1,-1,-1,-1,-1,-1,-1,-1,-1,-1,-1,-1,-1,-1,-1,-1,-1,-1,-1,-1,-1,-1,-1,10,10,-1,0,0,1,7,21,22,23,24,25,26,27,21,22,23,24,25,26,27,21,22,23,24,25,13,7,8,9,10,11,12,13,28,29,42,43,28,35,36,1,2,3,4,5,42,14,7,42,43,44,45,46,47,48,42,43,44,45,46,47,48,42,43,44,45,46,47,48,42,43,44,45,46,47,48,42,43,44,45,46,47,48,42,43,44,45,46,47,48,42,43,44,45,46,47,48
34,28,29,30,31,32,33,34,28,29,30,31,32,33,34,28,29,30,31,32,33,34,28,29,30,31,32,33,34,28,29,30,31,32,33,34,28,29,30,31,32,33,34,28,29,30,31,32,33,34,28,29,30,31,32,33,34,28,29,30,7,0,35,36,28,29,7,8,9,35,36,37,28,29,42,43,44,28,29,0,1,2,3,4,5,6,0,1,0,-1,-1,66,-1,-1,-1,-1,-1,-1,-1,-1,-1,-1,-1,-1,-1,-1,-1,-1,-1,-1,-1,-1,-1,-1,-1,-1,-1,-1,-1,-1,-1,-1,-1,10,-1,-1,-1,10,66,-1,0,7,8,9,10,11,12,13,7,8,9,10,11,12,13,7,8,9,10,11,12,13,7,8,9,10,11,12,13,7,8,35,36,0,1,35,42,43,8,9,10,11,12,0,21,14,0,1,2,3,4,5,6,0,1,2,3,4,5,6,0,1,2,3,4,5,6,0,1,2,3,4,5,6,0,1,2,3,4,5,6,0,1,2,3,4,5,6,0,1,2,3,4,5,6
41,35,36,37,38,39,40,41,35,36,37,38,39,40,41,35,36,37,38,39,40,41,35,36,37,38,39,40,41,35,36,37,38,39,40,41,35,36,37,38,39,40,41,35,36,37,38,39,40,41,35,36,37,38,39,40,41,35,36,37,14,7,42,43,35,36,14,15,16,42,43,44,35,36,0,1,2,35,36,37,0,1,2,3,4,5,6,0,1,2,3,0,-1,-1,-1,-1,-1,-1,-1,-1,-1,-1,-1,-1,-1,-1,-1,-1,-1,-1,-1,-1,-1,-1,-1,-1,-1,-1,-1,-1,-1,-1,-1,66,-1,-1,-1,66,0,0,1,2,3,4,5,6,0,1,2,3,4,5,6,0,1,2,3,4,5,6,0,1,2,3,4,5,6,0,1,2,3,42,43,7,8,42,0,1,15,16,17,18,19,7,28,21,7,8,9,10,11,12,13,7,8,9,10,11,12,13,7,8,9,10,11,12,13,7,8,9,10,11,12,13,7,8,9,10,11,12,13,7,8,9,10,11,12,13,7,8,9,10,11,12,13
48,42,43,44,45,46,47,48,42,43,44,45,46,47,48,42,43,44,45,46,47,48,42,43,44,45,46,47,48,42,43,44,45,46,47,48,42,43,44,45,46,47,48,42,43,44,45,46,47,48,42,43,44,45,46,47,48,42,43,44,21,14,0,1,42,43,21,22,23,0,1,2,42,43,7,8,9,42,43,44,7,8,9,10,11,12,13,7,8,9,10,0,1,2,3,4,5,6,0,1,2,3,4,5,6,0,1,2,3,4,5,6,0,1,2,3,4,5,6,0,1,2,3,-1,-1,-1,-1,0,0,1,2,3,4,5,6,0,1,2,3,4,5,6,0,1,2,3,4,5,6,0,1,2,3,4,5,6,0,1,2,3,4,0,1,14,15,0,7,8,22,23,24,25,26,14,35,28,14,15,16,17,18,19,20,14,15,16,17,18,19,20,14,15,16,17,18,19,20,14,15,16,17,18,19,20,14,15,16,17,18,19,20,14,15,16,17,18,19,20,14,15,16,17,18,19,20
6,0,1,2,3,4,5,6,0,1,2,3,4,5,6,0,1,2,3,4,5,6,0,1,2,3,4,5,6,0,1,2,3,4,5,6,0,1,2,3,4,5,6,0,1,2,3,4,5,6,0,1,2,3,4,5,6,0,1,2,28,21,7,8,0,1,28,29,30,7,8,9,0,1,14,15,16,0,1,2,14,15,16,17,18,19,20,14,15,16,17,7,8,9,10,11,12,13,7,8,9,10,11,12,13,7,8,9,10,11,12,13,7,8,9,10,11,12,13,7,8,9,10,0,1,2,3,4,5,6,0,1,2,3,4,5,6,0,1,2,3,4,5,6,0,1,2,3,4,5,6,0,1,2,3,4,5,6,0,1,2,7,8,21,22,7,14,15,29,30,31,32,33,21,2,35,21,22,23,24,25,26,27,21,22,23,24,25,26,27,21,22,23,24,25,26,27,21,22,23,24,25,26,27,21,22,23,24,25,26,27,21,22,23,24,25,26,27,21,22,23,24,25,26,27
13,7,8,9,10,11,12,13,7,8,9,10,11,12,13,7,8,9,10,11,12,13,7,8,9,10,11,12,13,7,8,9,10,11,12,13,7,8,9,10,11,12,13,7,8,9,10,11,12,13,7,8,9,10,11,12,13,7,8,9,35,28,14,15,7,8,35,36,37,14,15,16,7,8,21,22,23,7,8,9,21,22,23,24,25,26,27,21,22,23,24,14,15,16,17,18,19,20,14,15,16,17,18,19,20,14,15,16,17,18,19,20,14,15,16,17,18,19,20,14,15,16,17,7,8,9,10,11,12,13,7,8,9,10,11,12,13,7,8,9,10,11,12,13,7,8,9,10,11,12,13,7,8,9,10,11,12,13,7,8,9,10,11,28,29,14,8,9,10,11,12,13,7,28,9,10,28,29,30,31,32,33,34,28,29,30,31,32,33,34,28,29,30,31,32,33,34,28,29,30,31,32,33,34,28,29,30,31,32,33,34,28,29,30,31,32,33,34,28,29,30,31,32,33,34
20,14,15,16,17,18,19,20,14,15,16,17,18,19,20,14,15,16,17,18,19,20,14,15,16,17,18,19,20,14,15,16,17,18,19,20,14,15,16,17,18,19,20,14,15,16,17,18,19,20,14,15,16,17,18,19,20,14,15,16,42,35,21,22,14,15,42,43,44,21,22,23,14,15,28,29,30,14,15,16,28,29,30,31,32,33,34,28,29,30,31,21,22,23,24,25,26,27,21,22,23,24,25,26,27,21,22,23,24,25,26,27,21,22,23,24,25,26,27,21,22,23,0,1,2,3,4,5,6,0,1,2,3,4,5,6,0,1,2,3,4,5,6,0,1,2,3,4,5,6,0,1,2,3,4,5,6,0,1,2,3,4,5,6,0,21,2,3,4,5,6,0,14,35,3,4,5,6,0,1,2,3,4,5,6,0,1,2,3,4,5,6,0,1,2,3,4,5,6,0,1,2,3,4,5,6,0,1,2,3,4,5,6,0,1,2,3,4,5,6,0,1,2,3,4
27,21,22,23,24,25,26,27,21,22,23,24,25,26,27,21,22,23,24,25,26,27,21,22,23,24,25,26,27,21,22,23,24,25,26,27,21,22,23,24,25,26,27,21,22,23,24,25,26,27,21,22,23,24,25,26,27,21,22,23,0,42,28,29,21,22,0,1,2,28,29,30,21,22,35,36,37,21,22,23,35,36,37,38,39,40,41,35,36,37,38,28,29,30,31,32,33,34,28,29,30,31,32,33,34,28,29,30,31,32,33,34,28,29,30,31,32,33,34,28,29,30,7,8,9,10,11,12,13,7,8,9,10,11,12,13,7,8,9,10,11,12,13,7,8,9,10,11,12,13,7,8,9,10,11,12,13,7,8,9,10,11,12,13,7,8,9,10,11,12,13,7,8,42,10,11,12,13,7,8,9,10,11,12,13,7,8,9,10,11,12,13,7,8,9,10,11,12,13,7,8,9,10,11,12,13,7,8,9,10,11,12,13,7,8,9,10,11,12,13,7,8,9,10,11
34,28,29,30,31,32,33,34,28,29,30,31,32,33,34,28,29,30,31,32,33,34,28,29,30,31,32,33,34,28,29,30,31,32,33,34,28,29,30,31,32,33,34,28,29,30,31,32,33,34,28,29,30,31,32,33,34,28,29,30,7,0,35,36,28,29,7,8,9,35,36,37,28,29,42,43,44,28,29,30,42,43,44,45,46,47,48,42,43,44,45,35,36,37,38,39,40,41,35,36,37,38,39,40,41,35,36,37,38,39,40,41,35,36,37,38,39,40,41,35,36,37,14,15,16,17,18,19,20,14,15,16,17,18,19,20,14,15,16,17,18,19,20,14,15,16,17,18,19,20,14,15,16,17,18,19,20,14,15,16,17,18,19,20,14,15,16,17,18,19,20,14,15,16,17,18,19,20,14,15,16,17,18,19,20,14,15,16,17,18,19,20,14,15,16,17,18,19,20,14,15,16,17,18,19,20,14,15,16,17,18,19,20,14,15,16,17,18,19,20,14,15,16,17,18
41,35,36,37,38,39,40,41,35,36,37,38,39,40,41,35,36,37,38,39,40,41,35,36,37,38,39,40,41,35,36,37,38,39,40,41,35,36,37,38,39,40,41,35,36,37,38,39,40,41,35,36,37,38,39,40,41,35,36,37,14,7,42,43,35,36,14,15,16,42,43,44,35,36,0,1,2,35,36,37,0,1,2,3,4,5,6,0,1,2,3,42,43,44,45,46,47,48,42,43,44,45,46,47,48,42,43,44,45,46,47,48,42,43,44,45,46,47,48,42,43,44,21,22,23,24,25,26,27,21,22,23,24,25,26,27,21,22,23,24,25,26,27,21,22,23,24,25,26,27,21,22,23,24,25,26,27,21,22,23,24,25,26,27,21,22,23,24,25,26,27,21,22,23,24,25,26,27,21,22,23,24,25,26,27,21,22,23,24,25,26,27,21,22,23,24,25,26,27,21,22,23,24,25,26,27,21,22,23,24,25,26,27,21,22,23,24,25,26,27,21,22,23,24,25
48,42,43,44,45,46,47,48,42,43,44,45,46,47,48,42,43,44,45,46,47,48,42,43,44,45,46,47,48,42,43,44,45,46,47,48,42,43,44,45,46,47,48,42,43,44,45,46,47,48,42,43,44,45,46,47,48,42,43,44,21,14,0,1,42,43,21,22,23,0,1,2,42,43,7,8,9,42,43,44,7,8,9,10,11,12,13,7,8,9,10,0,1,2,3,4,5,6,0,1,2,3,4,5,6,0,1,2,3,4,5,6,0,1,2,3,4,5,6,0,1,2,28,29,30,31,32,33,34,28,29,30,31,32,33,34,28,29,30,31,32,33,34,28,29,30,31,32,33,34,28,29,30,31,32,33,34,28,29,30,31,32,33,34,28,29,30,31,32,33,34,28,29,30,31,32,33,34,28,29,30,31,32,33,34,28,29,30,31,32,33,34,28,29,30,31,32,33,34,28,29,30,31,32,33,34,28,29,30,31,32,33,34,28,29,30,31,32,33,34,28,29,30,31,32
6,0,1,2,3,4,5,6,0,1,2,3,4,5,6,0,1,2,3,4,5,6,0,1,2,3,4,5,6,0,1,2,3,4,5,6,0,1,2,3,4,5,6,0,1,2,3,4,5,6,0,1,2,3,4,5,6,0,1,2,28,21,7,8,0,1,28,29,30,7,8,9,0,1,14,15,16,0,1,2,14,15,16,17,18,19,20,14,15,16,17,7,8,9,10,11,12,13,7,8,9,10,11,12,13,7,8,9,10,11,12,13,7,8,9,10,11,12,13,7,8,9,35,36,37,38,39,40,41,35,36,37,38,39,40,41,35,36,37,38,39,40,41,35,36,37,38,39,40,41,35,36,37,38,39,40,41,35,36,37,38,39,40,41,35,36,37,38,39,40,41,35,36,37,38,39,40,41,35,36,37,38,39,40,41,35,36,37,38,39,40,41,35,36,37,38,39,40,41,35,36,37,38,39,40,41,35,36,37,38,39,40,41,35,36,37,38,39,40,41,35,36,37,38,39
13,7,8,9,10,11,12,13,7,8,9,10,11,12,13,7,8,9,10,11,12,13,7,8,9,10,11,12,13,7,8,9,10,11,12,13,7,8,9,10,11,12,13,7,8,9,10,11,12,13,7,8,9,10,11,12,13,7,8,9,35,28,14,15,7,8,35,36,37,14,15,16,7,8,21,22,23,7,8,9,21,22,23,24,25,26,27,21,22,23,24,14,15,16,17,18,19,20,14,15,16,17,18,19,20,14,15,16,17,18,19,20,14,15,16,17,18,19,20,14,15,16,42,43,44,45,46,47,48,42,43,44,45,46,47,48,42,43,44,45,46,47,48,42,43,44,45,46,47,48,42,43,44,45,46,47,48,42,43,44,45,46,47,48,42,43,44,45,46,47,48,42,43,44,45,46,47,48,42,43,44,45,46,47,48,42,43,44,45,46,47,48,42,43,44,45,46,47,48,42,43,44,45,46,47,48,42,43,44,45,46,47,48,42,43,44,45,46,47,48,42,43,44,45,46
20,14,15,16,17,18,19,20,14,15,16,17,18,19,20,14,15,16,17,18,19,20,14,15,16,17,18,19,20,14,15,16,17,18,19,20,14,15,16,17,18,19,20,14,15,16,17,18,19,20,14,15,16,17,18,19,20,14,15,16,42,35,21,22,14,15,42,43,44,21,22,23,14,15,28,29,30,14,15,16,28,29,30,31,32,33,34,28,29,30,31,21,22,23,24,25,26,27,21,22,23,24,25,26,27,21,22,23,24,25,26,27,21,22,23,24,25,26,27,21,22,23,0,1,2,3,4,5,6,0,1,2,3,4,5,6,0,1,2,3,4,5,6,0,1,2,3,4,5,6,0,1,2,3,4,5,6,0,1,2,3,4,5,6,0,1,2,3,4,5,6,0,1,2,3,4,5,6,0,1,2,3,4,5,6,0,1,2,3,4,5,6,0,1,2,3,4,5,6,0,1,2,3,4,5,6,0,1,2,3,4,5,6,0,1,2,3,4,5,6,0,1,2,3,4
27,21,22,23,24,25,26,27,21,22,23,24,25,26,27,21,22,23,24,25,26,27,21,22,23,24,25,26,27,21,22,23,24,25,26,27,21,22,23,24,25,26,27,21,22,23,24,25,26,27,21,22,23,24,25,26,27,21,22,23,0,42,28,29,21,22,0,1,2,28,29,30,21,22,35,36,37,21,22,23,35,36,37,38,39,40,41,35,36,37,38,28,29,30,31,32,33,34,28,29,30,31,32,33,34,28,29,30,31,32,33,34,28,29,30,31,32,33,34,28,29,30,7,8,9,10,11,12,13,7,8,9,10,11,12,13,7,8,9,10,11,12,13,7,8,9,10,11,12,13,7,8,9,10,11,12,13,7,8,9,10,11,12,13,7,8,9,10,11,12,13,7,8,9,10,11,12,13,7,8,9,10,11,12,13,7,8,9,10,11,12,13,7,8,9,10,11,12,13,7,8,9,10,11,12,13,7,8,9,10,11,12,13,7,8,9,10,11,12,13,7,8,9,10,11
34,28,29,30,31,32,33,34,28,29,30,31,32,33,34,28,29,30,31,32,33,34,28,29,30,31,32,33,34,28,29,30,31,32,33,34,28,29,30,31,32,33,34,28,29,30,31,32,33,34,28,29,30,31,32,33,34,28,29,30,7,0,35,36,28,29,7,8,9,35,36,37,28,29,42,43,44,28,29,30,42,43,44,45,46,47,48,42,43,44,45,35,36,37,38,39,40,41,35,36,37,38,39,40,41,35,36,37,38,39,40,41,35,36,37,38,39,40,41,35,36,37,14,15,16,17,18,19,20,14,15,16,17,18,19,20,14,15,16,17,18,19,20,14,15,16,17,18,19,20,14,15,16,17,18,19,20,14,15,16,17,18,19,20,14,15,16,17,18,19,20,14,15,16,17,18,19,20,14,15,16,17,18,19,20,14,15,16,17,18,19,20,14,15,16,17,18,19,20,14,15,16,17,18,19,20,14,15,16,17,18,19,20,14,15,16,17,18,19,20,14,15,16,17,18
41,35,36,37,38,39,40,41,35,36,37,38,39,40,41,35,36,37,38,39,40,41,35,36,37,38,39,40,41,35,36,37,38,39,40,41,35,36,37,38,39,40,41,35,36,37,38,39,40,41,35,36,37,38,39,40,41,35,36,37,14,7,42,43,35,36,14,15,16,42,43,44,35,36,0,1,2,35,36,37,0,1,2,3,4,5,6,0,1,2,3,42,43,44,45,46,47,48,42,43,44,45,46,47,48,42,43,44,45,46,47,48,42,43,44,45,46,47,48,42,43,44,21,22,23,24,25,26,27,21,22,23,24,25,26,27,21,22,23,24,25,26,27,21,22,23,24,25,26,27,21,22,23,24,25,26,27,21,22,23,24,25,26,27,21,22,23,24,25,26,27,21,22,23,24,25,26,27,21,22,23,24,25,26,27,21,22,23,24,25,26,27,21,22,23,24,25,26,27,21,22,23,24,25,26,27,21,22,23,24,25,26,27,21,22,23,24,25,26,27,21,22,23,24,25
48,42,43,44,45,46,47,48,42,43,44,45,46,47,48,42,43,44,45,46,47,48,42,43,44,45,46,47,48,42,43,44,45,46,47,48,42,43,44,45,46,47,48,42,43,44,45,46,47,48,42,43,44,45,46,47,48,42,43,44,21,14,0,1,42,43,21,22,23,0,1,2,42,43,7,8,9,42,43,44,7,8,9,10,11,12,13,7,8,9,10,0,1,2,3,4,5,6,0,1,2,3,4,5,6,0,1,2,3,4,5,6,0,1,2,3,4,5,6,0,1,2,28,29,30,31,32,33,34,28,29,30,31,32,33,34,28,29,30,31,32,33,34,28,29,30,31,32,33,34,28,29,30,31,32,33,34,28,29,30,31,32,33,34,28,29,30,31,32,33,34,28,29,30,31,32,33,34,28,29,30,31,32,33,34,28,29,30,31,32,33,34,28,29,30,31,32,33,34,28,29,30,31,32,33,34,28,29,30,31,32,33,34,28,29,30,31,32,33,34,28,29,30,31,32
6,0,1,2,3,4,5,6,0,1,2,3,4,5,6,0,1,2,3,4,5,6,0,1,2,3,4,5,6,0,1,2,3,4,5,6,0,1,2,3,4,5,6,0,1,2,3,4,5,6,0,1,2,3,4,5,6,0,1,2,28,21,7,8,0,1,28,29,30,7,8,9,0,1,14,15,16,0,1,2,14,15,16,17,18,19,20,14,15,16,17,7,8,9,10,11,12,13,7,8,9,10,11,12,13,7,8,9,10,11,12,13,7,8,9,10,11,12,13,7,8,9,35,36,37,38,39,40,41,35,36,37,38,39,40,41,35,36,37,38,39,40,41,35,36,37,38,39,40,41,35,36,37,38,39,40,41,35,36,37,38,39,40,41,35,36,37,38,39,40,41,35,36,37,38,39,40,41,35,36,37,38,39,40,41,35,36,37,38,39,40,41,35,36,37,38,39,40,41,35,36,37,38,39,40,41,35,36,37,38,39,40,41,35,36,37,38,39,40,41,35,36,37,38,39
13,7,8,9,10,11,12,13,7,8,9,10,11,12,13,7,8,9,10,11,12,13,7,8,9,10,11,12,13,7,8,9,10,11,12,13,7,8,9,10,11,12,13,7,8,9,10,11,12,13,7,8,9,10,11,12,13,7,8,9,35,28,14,15,7,8,35,36,37,14,15,16,7,8,21,22,23,7,8,9,21,22,23,24,25,26,27,21,22,23,24,14,15,16,17,18,19,20,14,15,16,17,18,19,20,14,15,16,17,18,19,20,14,15,16,17,18,19,20,14,15,16,42,43,44,45,46,47,48,42,43,44,45,46,47,48,42,43,44,45,46,47,48,42,43,44,45,46,47,48,42,43,44,45,46,47,48,42,43,44,45,46,47,48,42,43,44,45,46,47,48,42,43,44,45,46,47,48,42,43,44,45,46,47,48,42,43,44,45,46,47,48,42,43,44,45,46,47,48,42,43,44,45,46,47,48,42,43,44,45,46,47,48,42,43,44,45,46,47,48,42,43,44,45,46
20,14,15,16,17,18,19,20,14,15,16,17,18,19,20,14,15,16,17,18,19,20,14,15,16,17,18,19,20,14,15,16,17,18,19,20,14,15,16,17,18,19,20,14,15,16,17,18,19,20,14,15,16,17,18,19,20,14,15,16,42,35,21,22,14,15,42,43,44,21,22,23,14,15,28,29,30,14,15,16,28,29,30,31,32,33,34,28,29,30,31,21,22,23,24,25,26,27,21,22,23,24,25,26,27,21,22,23,24,25,26,27,21,22,23,24,25,26,27,21,22,23,0,1,2,3,4,5,6,0,1,2,3,4,5,6,0,1,2,3,4,5,6,0,1,2,3,4,5,6,0,1,2,3,4,5,6,0,1,2,3,4,5,6,0,1,2,3,4,5,6,0,1,2,3,4,5,6,0,1,2,3,4,5,6,0,1,2,3,4,5,6,0,1,2,3,4,5,6,0,1,2,3,4,5,6,0,1,2,3,4,5,6,0,1,2,3,4,5,6,0,1,2,3,4
27,21,22,23,24,25,26,27,21,22,23,24,25,26,27,21,22,23,24,25,26,27,21,22,23,24,25,26,27,21,22,23,24,25,26,27,21,22,23,24,25,26,27,21,22,23,24,25,26,27,21,22,23,24,25,26,27,21,22,23,0,42,28,29,21,22,0,1,2,28,29,30,21,22,35,36,37,21,22,23,35,36,37,38,39,40,41,35,36,37,38,28,29,30,31,32,33,34,28,29,30,31,32,33,34,28,29,30,31,32,33,34,28,29,30,31,32,33,34,28,29,30,7,8,9,10,11,12,13,7,8,9,10,11,12,13,7,8,9,10,11,12,13,7,8,9,10,11,12,13,7,8,9,10,11,12,13,7,8,9,10,11,12,13,7,8,9,10,11,12,13,7,8,9,10,11,12,13,7,8,9,10,11,12,13,7,8,9,10,11,12,13,7,8,9,10,11,12,13,7,8,9,10,11,12,13,7,8,9,10,11,12,13,7,8,9,10,11,12,13,7,8,9,10,11
34,28,29,30,31,32,33,34,28,29,30,31,32,33,34,28,29,30,31,32,33,34,28,29,30,31,32,33,34,28,29,30,31,32,33,34,28,29,30,31,32,33,34,28,29,30,31,32,33,34,28,29,30,31,32,33,34,28,29,30,7,0,35,36,28,29,7,8,9,35,36,37,28,29,42,43,44,28,29,30,42,43,44,45,46,47,48,42,43,44,45,35,36,37,38,39,40,41,35,36,37,38,39,40,41,35,36,37,38,39,40,41,35,36,37,38,39,40,41,35,36,37,14,15,16,17,18,19,20,14,15,16,17,18,19,20,14,15,16,17,18,19,20,14,15,16,17,18,19,20,14,15,16,17,18,19,20,14,15,16,17,18,19,20,14,15,16,17,18,19,20,14,15,16,17,18,19,20,14,15,16,17,18,19,20,14,15,16,17,18,19,20,14,15,16,17,18,19,20,14,15,16,17,18,19,20,14,15,16,17,18,19,20,14,15,16,17,18,19,20,14,15,16,17,18
41,35,36,37,38,39,40,41,35,36,37,38,39,40,41,35,36,37,38,39,40,41,35,36,37,38,39,40,41,35,36,37,38,39,40,41,35,36,37,38,39,40,41,35,36,37,38,39,40,41,35,36,37,38,39,40,41,35,36,37,14,7,42,43,35,36,14,15,16,42,43,44,35,36,0,1,2,35,36,37,0,1,2,3,4,5,6,0,1,2,3,42,43,44,45,46,47,48,42,43,44,45,46,47,48,42,43,44,45,46,47,48,42,43,44,45,46,47,48,42,43,44,21,22,23,24,25,26,27,21,22,23,24,25,26,27,21,22,23,24,25,26,27,21,22,23,24,25,26,27,21,22,23,24,25,26,27,21,22,23,24,25,26,27,21,22,23,24,25,26,27,21,22,23,24,25,26,27,21,22,23,24,25,26,27,21,22,23,24,25,26,27,21,22,23,24,25,26,27,21,22,23,24,25,26,27,21,22,23,24,25,26,27,21,22,23,24,25,26,27,21,22,23,24,25
48,42,43,44,45,46,47,48,42,43,44,45,46,47,48,42,43,44,45,46,47,48,42,43,44,45,46,47,48,42,43,44,45,46,47,48,42,43,44,45,46,47,48,42,43,44,45,46,47,48,42,43,44,45,46,47,48,42,43,44,21,14,0,1,42,43,21,22,23,0,1,2,42,43,7,8,9,42,43,44,7,8,9,10,11,12,13,7,8,9,10,0,1,2,3,4,5,6,0,1,2,3,4,5,6,0,1,2,3,4,5,6,0,1,2,3,4,5,6,0,1,2,28,29,30,31,32,33,34,28,29,30,31,32,33,34,28,29,30,31,32,33,34,28,29,30,31,32,33,34,28,29,30,31,32,33,34,28,29,30,31,32,33,34,28,29,30,31,32,33,34,28,29,30,31,32,33,34,28,29,30,31,32,33,34,28,29,30,31,32,33,34,28,29,30,31,32,33,34,28,29,30,31,32,33,34,28,29,30,31,32,33,34,28,29,30,31,32,33,34,28,29,30,31,32
